filename,width,height,class,xmin,ymin,xmax,ymax
frame1100.jpg,128,128,NonDrowsy,15,24,122,63
e0666_rotright.jpg,128,128,Drowsy,31,35,100,66
frame566_rotright.jpg,128,128,Drowsy,27,38,125,76
frame602.jpg,128,128,NonDrowsy,20,26,125,66
frame441_rotright.jpg,128,128,NonDrowsy,20,25,122,68
M0665_rotright.jpg,128,128,Drowsy,17,29,115,68
zb0490.jpg,128,128,Drowsy,20,32,103,68
K0014_rotleft.jpg,128,128,Drowsy,29,31,93,70
frame131_rotleft.jpg,128,128,Drowsy,29,32,118,67
W0747_rotright.jpg,128,128,NonDrowsy,22,21,119,69
frame805.jpg,128,128,NonDrowsy,18,23,123,61
Y1204_rotright.jpg,128,128,Drowsy,26,28,108,75
P0055_rotright.jpg,128,128,Drowsy,21,33,116,68
X1500_rotleft.jpg,128,128,Drowsy,17,31,108,70
r0239_rotright.jpg,128,128,NonDrowsy,29,38,101,72
w0058_rotright.jpg,128,128,NonDrowsy,31,33,98,69
w0029_rotleft.jpg,128,128,NonDrowsy,27,31,90,69
K0001.jpg,128,128,Drowsy,27,36,99,64
Y1231.jpg,128,128,Drowsy,16,33,108,64
frame1079.jpg,128,128,Drowsy,23,24,119,59
u0479_rotleft.jpg,128,128,Drowsy,9,26,96,70
ZB0028_rotright.jpg,128,128,Drowsy,27,30,108,66
W0696.jpg,128,128,Drowsy,21,34,116,66
N0128_rotright.jpg,128,128,Drowsy,21,24,113,78
ZB1583_rotleft.jpg,128,128,Drowsy,22,29,96,70
j0457.jpg,128,128,NonDrowsy,16,34,107,65
frame235.jpg,128,128,Drowsy,20,33,123,65
F0199_rotright.jpg,128,128,Drowsy,28,30,105,66
frame2785_rotleft.jpg,128,128,NonDrowsy,8,29,93,75
zb1222.jpg,128,128,NonDrowsy,21,25,101,62
K0101.jpg,128,128,Drowsy,27,35,101,63
frame445_rotright.jpg,128,128,NonDrowsy,9,26,106,66
frame2180_rotleft.jpg,128,128,Drowsy,20,34,97,88
w0039_rotright.jpg,128,128,NonDrowsy,31,27,92,70
I0822.jpg,128,128,Drowsy,18,36,116,69
F0081_rotright.jpg,128,128,NonDrowsy,31,25,104,69
X0333_rotleft.jpg,128,128,Drowsy,16,30,108,74
frame3153.jpg,128,128,NonDrowsy,17,33,121,73
M0178_rotleft.jpg,128,128,Drowsy,14,28,105,73
V0165_rotright.jpg,128,128,Drowsy,19,30,111,70
frame356_rotright.jpg,128,128,NonDrowsy,31,29,118,73
frame980_rotleft.jpg,128,128,NonDrowsy,21,28,110,60
n0376_rotleft.jpg,128,128,NonDrowsy,21,29,106,72
W0747_rotleft.jpg,128,128,NonDrowsy,16,21,108,74
frame2764_rotleft.jpg,128,128,NonDrowsy,14,25,110,65
frame116.jpg,128,128,NonDrowsy,4,22,125,66
B0273_rotright.jpg,128,128,Drowsy,20,30,118,71
v0204.jpg,128,128,NonDrowsy,19,36,112,66
S0505_rotleft.jpg,128,128,Drowsy,14,25,104,72
v0336_rotleft.jpg,128,128,NonDrowsy,12,36,105,74
P0063.jpg,128,128,Drowsy,18,29,111,71
frame1595_rotright.jpg,128,128,NonDrowsy,27,26,128,71
X1501_rotleft.jpg,128,128,Drowsy,17,32,110,75
frame2480_rotleft.jpg,128,128,Drowsy,23,42,113,80
frame3100_rotleft.jpg,128,128,NonDrowsy,14,23,110,64
H0021_rotright.jpg,128,128,Drowsy,33,33,100,71
frame344_rotleft.jpg,128,128,Drowsy,16,33,112,71
e0855_rotright.jpg,128,128,NonDrowsy,29,30,106,69
r0245.jpg,128,128,NonDrowsy,23,40,99,69
c0280.jpg,128,128,NonDrowsy,24,23,110,63
frame190.jpg,128,128,NonDrowsy,15,30,122,70
M0665.jpg,128,128,Drowsy,15,36,115,72
g0021_rotleft.jpg,128,128,Drowsy,22,27,95,71
j0108.jpg,128,128,Drowsy,17,33,114,68
frame616.jpg,128,128,NonDrowsy,42,25,128,64
frame67_rotright.jpg,128,128,Drowsy,16,29,118,62
frame167_rotright.jpg,128,128,NonDrowsy,20,26,120,69
v0204_rotright.jpg,128,128,NonDrowsy,23,36,114,71
frame4.jpg,128,128,NonDrowsy,11,30,116,68
S0387.jpg,128,128,Drowsy,13,31,112,66
m0426_rotleft.jpg,128,128,Drowsy,18,35,94,63
u0006.jpg,128,128,NonDrowsy,15,30,102,62
n0001_rotright.jpg,128,128,NonDrowsy,29,29,114,70
T0675_rotright.jpg,128,128,Drowsy,23,37,112,77
H0015.jpg,128,128,Drowsy,23,29,102,60
frame3125.jpg,128,128,NonDrowsy,18,25,125,64
D0171_rotright.jpg,128,128,Drowsy,27,25,107,79
frame905_rotleft.jpg,128,128,Drowsy,15,35,112,64
w0347_rotright.jpg,128,128,NonDrowsy,29,30,89,75
o0066_rotleft.jpg,128,128,NonDrowsy,24,31,95,68
P0058_rotright.jpg,128,128,Drowsy,18,31,117,71
L0092_rotleft.jpg,128,128,Drowsy,27,28,95,68
I0541_rotleft.jpg,128,128,NonDrowsy,14,24,109,77
w0055_rotright.jpg,128,128,NonDrowsy,26,30,93,70
frame1265_rotleft.jpg,128,128,Drowsy,20,27,109,71
G0309.jpg,128,128,NonDrowsy,15,32,120,64
frame1079_rotleft.jpg,128,128,Drowsy,16,22,112,64
g0043.jpg,128,128,NonDrowsy,25,32,101,68
ZA0298_rotleft.jpg,128,128,NonDrowsy,17,25,114,67
N0078_rotright.jpg,128,128,Drowsy,22,24,120,78
K0101_rotright.jpg,128,128,Drowsy,34,32,101,63
frame3020.jpg,128,128,NonDrowsy,12,29,110,67
frame106_rotleft.jpg,128,128,NonDrowsy,34,19,115,66
za0103_rotleft.jpg,128,128,NonDrowsy,16,29,113,75
frame305_rotleft.jpg,128,128,NonDrowsy,10,26,104,69
i0460_rotright.jpg,128,128,Drowsy,17,29,107,73
ZA0299_rotleft.jpg,128,128,NonDrowsy,13,25,114,70
W0421.jpg,128,128,NonDrowsy,18,24,118,65
frame737.jpg,128,128,NonDrowsy,7,32,111,71
u0434_rotright.jpg,128,128,Drowsy,17,21,103,64
E0348.jpg,128,128,NonDrowsy,30,35,97,66
y0225_rotright.jpg,128,128,NonDrowsy,30,32,112,66
U0345.jpg,128,128,Drowsy,13,31,107,68
frame1 (2)_rotleft.jpg,128,128,NonDrowsy,5,20,105,68
M0764_rotleft.jpg,128,128,Drowsy,15,32,103,68
zb0490_rotright.jpg,128,128,Drowsy,28,27,109,69
K0166_rotright.jpg,128,128,Drowsy,34,30,104,65
frame237_rotright.jpg,128,128,NonDrowsy,24,22,123,70
ZA0773_rotleft.jpg,128,128,Drowsy,11,27,115,70
R0092.jpg,128,128,Drowsy,26,36,103,73
F0365_rotleft.jpg,128,128,NonDrowsy,22,26,93,72
w0008_rotleft.jpg,128,128,NonDrowsy,26,25,93,73
d0359_rotright.jpg,128,128,NonDrowsy,24,30,115,73
ZA0904.jpg,128,128,Drowsy,14,37,119,67
frame3099_rotleft.jpg,128,128,NonDrowsy,9,34,111,73
n0107_rotright.jpg,128,128,NonDrowsy,18,33,114,73
zc0225_rotright.jpg,128,128,NonDrowsy,31,28,102,68
j0260_rotleft.jpg,128,128,NonDrowsy,17,33,108,69
e0587_rotright.jpg,128,128,Drowsy,31,30,103,65
zb0008.jpg,128,128,Drowsy,18,28,114,65
frame3054.jpg,128,128,Drowsy,21,31,125,69
T0672.jpg,128,128,Drowsy,18,36,112,67
frame970.jpg,128,128,Drowsy,18,43,116,77
K0357.jpg,128,128,Drowsy,26,34,98,67
i0091_rotleft.jpg,128,128,NonDrowsy,18,28,99,74
r0140_rotright.jpg,128,128,NonDrowsy,31,41,100,69
frame7_1.jpg,128,128,NonDrowsy,16,32,119,67
m0159_rotright.jpg,128,128,NonDrowsy,22,26,107,70
frame969.jpg,128,128,NonDrowsy,5,30,86,67
E0789.jpg,128,128,Drowsy,24,29,105,63
m0007_rotright.jpg,128,128,NonDrowsy,19,29,110,71
frame505.jpg,128,128,Drowsy,13,31,112,62
N0026.jpg,128,128,Drowsy,21,29,110,68
a0011_rotright.jpg,128,128,NonDrowsy,23,24,110,69
ZB0028.jpg,128,128,Drowsy,19,37,107,66
frame6.jpg,128,128,NonDrowsy,7,30,118,72
M0178_rotright.jpg,128,128,Drowsy,23,29,117,73
w0009_rotright.jpg,128,128,NonDrowsy,30,31,100,64
frame2924.jpg,128,128,NonDrowsy,13,29,122,65
n0765_rotright.jpg,128,128,NonDrowsy,25,28,113,71
frame307_rotleft.jpg,128,128,NonDrowsy,15,27,112,79
S0488_rotleft.jpg,128,128,Drowsy,16,27,105,75
frame393.jpg,128,128,Drowsy,19,18,112,45
frame157_rotright_1.jpg,128,128,NonDrowsy,17,25,116,70
P0975.jpg,128,128,Drowsy,22,26,118,66
S0296_rotright.jpg,128,128,Drowsy,20,37,116,71
X1500.jpg,128,128,Drowsy,15,37,113,65
D0171.jpg,128,128,Drowsy,24,30,109,70
frame311 (2)_rotleft.jpg,128,128,NonDrowsy,3,28,91,71
r0026_rotleft.jpg,128,128,NonDrowsy,28,35,96,74
ZB1394_rotleft.jpg,128,128,NonDrowsy,25,29,101,72
frame1404_rotleft.jpg,128,128,Drowsy,27,33,110,68
frame190_rotleft.jpg,128,128,NonDrowsy,13,23,111,71
D0032.jpg,128,128,NonDrowsy,18,31,110,67
B0033_rotright.jpg,128,128,NonDrowsy,20,29,119,67
Y0440_rotright.jpg,128,128,NonDrowsy,27,26,113,73
frame1595_rotleft.jpg,128,128,NonDrowsy,17,26,110,68
n0078_rotleft.jpg,128,128,NonDrowsy,19,27,107,74
R0044_rotleft.jpg,128,128,NonDrowsy,21,23,96,81
frame540_rotleft.jpg,128,128,Drowsy,9,29,101,73
U0256.jpg,128,128,NonDrowsy,17,33,115,71
N0385_rotright.jpg,128,128,Drowsy,22,30,106,74
Y1204_rotleft.jpg,128,128,Drowsy,21,31,104,68
frame443_rotleft_1.jpg,128,128,NonDrowsy,11,24,104,70
v0035.jpg,128,128,NonDrowsy,11,34,111,65
frame1023_rotleft.jpg,128,128,Drowsy,17,30,102,68
n0376_rotright.jpg,128,128,NonDrowsy,24,33,113,67
frame398_rotright.jpg,128,128,Drowsy,24,25,116,60
r0140.jpg,128,128,NonDrowsy,26,37,101,65
O0004_rotleft.jpg,128,128,Drowsy,22,28,95,70
H0119_rotleft.jpg,128,128,Drowsy,25,33,94,72
u0434_rotleft.jpg,128,128,Drowsy,9,28,97,68
frame92_rotright.jpg,128,128,NonDrowsy,24,27,120,69
frame980.jpg,128,128,NonDrowsy,27,27,120,64
frame610_rotright.jpg,128,128,Drowsy,23,26,122,64
M0247.jpg,128,128,Drowsy,19,37,116,65
W0683_rotright.jpg,128,128,NonDrowsy,22,22,121,73
frame140_rotleft.jpg,128,128,Drowsy,17,20,103,51
p0151_rotright.jpg,128,128,NonDrowsy,24,36,107,76
za0929_rotright.jpg,128,128,NonDrowsy,21,33,114,73
k0065.jpg,128,128,Drowsy,24,32,102,62
frame505_rotright.jpg,128,128,Drowsy,16,29,116,65
ZA0761.jpg,128,128,Drowsy,13,32,125,66
w0014.jpg,128,128,NonDrowsy,20,32,91,64
frame298.jpg,128,128,NonDrowsy,13,32,113,74
frame7_rotleft_1.jpg,128,128,NonDrowsy,18,23,108,75
N1164.jpg,128,128,Drowsy,13,33,113,69
frame900_rotleft.jpg,128,128,Drowsy,19,26,110,66
frame964_rotright.jpg,128,128,NonDrowsy,9,26,93,56
N0074.jpg,128,128,Drowsy,20,36,118,66
frame530_rotright.jpg,128,128,Drowsy,20,23,122,59
G0013_rotleft.jpg,128,128,NonDrowsy,17,21,114,74
zb0489_rotright.jpg,128,128,Drowsy,25,27,108,68
v0336_rotright.jpg,128,128,NonDrowsy,16,30,106,69
i0038.jpg,128,128,Drowsy,14,36,107,69
N0234.jpg,128,128,Drowsy,19,30,109,73
frame674_rotright.jpg,128,128,NonDrowsy,14,25,101,61
T0673.jpg,128,128,Drowsy,17,37,115,69
frame436_rotright.jpg,128,128,Drowsy,25,33,119,71
ZB1270_rotleft.jpg,128,128,Drowsy,21,35,104,78
J0157_rotleft.jpg,128,128,Drowsy,16,33,102,69
frame390_rotleft.jpg,128,128,Drowsy,10,20,102,55
v0473_rotleft.jpg,128,128,NonDrowsy,16,30,102,76
ZA0299.jpg,128,128,NonDrowsy,13,32,119,67
E0179_rotleft.jpg,128,128,Drowsy,28,25,91,68
I0002.jpg,128,128,Drowsy,16,38,115,67
frame740_rotright.jpg,128,128,Drowsy,25,29,124,67
P0975_rotleft.jpg,128,128,Drowsy,14,36,113,66
q0105_rotleft.jpg,128,128,NonDrowsy,23,32,98,71
j0007_rotright.jpg,128,128,NonDrowsy,23,31,113,72
E0363.jpg,128,128,Drowsy,30,36,102,66
T0681.jpg,128,128,Drowsy,19,37,116,70
h0475_rotright.jpg,128,128,Drowsy,28,29,107,69
frame441.jpg,128,128,NonDrowsy,11,28,123,65
N0376_rotleft.jpg,128,128,Drowsy,13,27,106,70
frame21_rotleft.jpg,128,128,NonDrowsy,5,23,106,76
n0769_rotleft.jpg,128,128,NonDrowsy,17,29,110,75
J0373_rotright.jpg,128,128,Drowsy,25,28,106,74
v0001.jpg,128,128,NonDrowsy,10,32,108,67
v0473_rotright.jpg,128,128,NonDrowsy,16,31,114,63
b0238_rotleft.jpg,128,128,Drowsy,23,17,117,70
N0239_rotleft.jpg,128,128,Drowsy,17,33,105,68
G0310_rotleft.jpg,128,128,NonDrowsy,12,22,108,71
frame787_rotright.jpg,128,128,NonDrowsy,18,29,119,66
M0249_rotright.jpg,128,128,Drowsy,23,26,120,70
I0284.jpg,128,128,NonDrowsy,15,31,116,72
frame969_rotleft.jpg,128,128,NonDrowsy,5,29,73,76
frame3121.jpg,128,128,NonDrowsy,20,26,122,61
ZA0899.jpg,128,128,Drowsy,12,33,121,65
ZB1107.jpg,128,128,NonDrowsy,20,29,106,69
Y0461_rotright.jpg,128,128,NonDrowsy,22,22,115,74
frame35_rotright.jpg,128,128,Drowsy,33,19,123,55
j0314_rotright.jpg,128,128,NonDrowsy,24,32,111,73
frame2 (2).jpg,128,128,Drowsy,30,30,118,62
k0084.jpg,128,128,NonDrowsy,28,33,102,62
I0520.jpg,128,128,Drowsy,13,36,115,71
frame870_rotleft.jpg,128,128,Drowsy,13,30,117,75
k0010.jpg,128,128,Drowsy,21,30,101,63
X1189_rotright.jpg,128,128,NonDrowsy,18,28,115,78
frame845.jpg,128,128,Drowsy,32,18,124,66
frame2891_rotright.jpg,128,128,Drowsy,25,24,119,65
frame1535_rotright.jpg,128,128,NonDrowsy,18,30,122,66
w0039_rotleft.jpg,128,128,NonDrowsy,25,33,87,69
U0409.jpg,128,128,Drowsy,5,33,112,67
frame565_rotleft.jpg,128,128,NonDrowsy,16,30,110,65
ZA0773_rotright.jpg,128,128,Drowsy,18,29,122,75
frame735_rotleft.jpg,128,128,Drowsy,21,28,115,67
frame344_rotright.jpg,128,128,Drowsy,28,31,119,69
m0002_rotleft.jpg,128,128,NonDrowsy,12,29,101,67
q0485.jpg,128,128,NonDrowsy,25,35,100,66
frame443_1.jpg,128,128,NonDrowsy,10,30,113,65
H0665.jpg,128,128,NonDrowsy,25,28,103,69
i0003_rotleft.jpg,128,128,Drowsy,14,27,106,73
i0894.jpg,128,128,Drowsy,9,31,112,66
F0097_rotright.jpg,128,128,Drowsy,30,29,105,69
frame1717_rotleft.jpg,128,128,Drowsy,16,26,102,76
frame591_rotleft.jpg,128,128,NonDrowsy,23,28,113,69
k0017_rotleft.jpg,128,128,NonDrowsy,27,29,94,68
r0013.jpg,128,128,NonDrowsy,23,33,101,68
ZB1394_rotright.jpg,128,128,NonDrowsy,30,29,112,67
V0165_rotleft.jpg,128,128,Drowsy,15,30,105,72
frame143_rotright.jpg,128,128,Drowsy,27,33,123,72
frame1991_rotleft.jpg,128,128,NonDrowsy,20,15,117,66
frame23_rotright.jpg,128,128,NonDrowsy,17,27,119,70
c0056_rotleft.jpg,128,128,NonDrowsy,16,20,95,73
y0036.jpg,128,128,NonDrowsy,24,32,108,63
frame1290_rotright_1.jpg,128,128,NonDrowsy,37,27,125,77
k0010_rotright.jpg,128,128,Drowsy,32,31,104,68
O0142_rotright.jpg,128,128,Drowsy,27,30,107,67
Y0601.jpg,128,128,NonDrowsy,17,29,109,71
u0002.jpg,128,128,NonDrowsy,13,33,108,65
k0404_rotright.jpg,128,128,NonDrowsy,30,30,104,69
N0137.jpg,128,128,Drowsy,15,31,112,69
M0168_rotright.jpg,128,128,NonDrowsy,24,24,117,74
zc1707_rotright.jpg,128,128,NonDrowsy,28,29,101,67
s0008.jpg,128,128,NonDrowsy,20,30,112,63
ZA0900_rotleft.jpg,128,128,Drowsy,15,29,116,74
ZA0773.jpg,128,128,Drowsy,10,29,125,67
frame1717.jpg,128,128,Drowsy,16,33,112,71
u0194_rotleft.jpg,128,128,NonDrowsy,15,32,99,70
i0461.jpg,128,128,Drowsy,13,38,110,70
I0301_rotright.jpg,128,128,Drowsy,23,31,116,71
q0105_rotright.jpg,128,128,NonDrowsy,28,31,104,70
frame565.jpg,128,128,NonDrowsy,19,28,113,66
frame632_rotright.jpg,128,128,NonDrowsy,16,27,124,65
s0162_rotleft.jpg,128,128,NonDrowsy,19,27,107,72
n0030_rotright.jpg,128,128,NonDrowsy,24,34,120,70
i0895.jpg,128,128,Drowsy,6,31,114,66
P0186_rotleft.jpg,128,128,NonDrowsy,18,25,108,70
zc1707.jpg,128,128,NonDrowsy,23,30,103,63
j0007_rotleft.jpg,128,128,NonDrowsy,15,32,106,71
frame582_rotleft.jpg,128,128,Drowsy,16,30,115,69
k0015_rotright.jpg,128,128,Drowsy,30,30,98,59
Q0470_rotright.jpg,128,128,Drowsy,28,31,105,66
ZA0900_rotright.jpg,128,128,Drowsy,20,31,117,75
frame530_rotleft.jpg,128,128,Drowsy,7,24,98,62
frame120_rotright.jpg,128,128,Drowsy,23,20,121,64
S0387_rotright.jpg,128,128,Drowsy,19,31,115,71
M0769_rotleft.jpg,128,128,Drowsy,24,25,100,70
frame2780_rotleft.jpg,128,128,NonDrowsy,9,31,99,72
V0009_rotright.jpg,128,128,NonDrowsy,18,23,114,72
ZA1006.jpg,128,128,NonDrowsy,15,28,123,65
A0032_rotright.jpg,128,128,Drowsy,30,27,108,70
ZA0779.jpg,128,128,Drowsy,16,31,115,66
frame293_rotleft.jpg,128,128,NonDrowsy,11,29,104,75
N0379.jpg,128,128,Drowsy,20,30,108,66
frame98_rotleft.jpg,128,128,Drowsy,5,21,98,61
frame469_rotright.jpg,128,128,Drowsy,18,31,118,72
M0249_rotleft.jpg,128,128,Drowsy,16,22,111,71
P0055_rotleft.jpg,128,128,Drowsy,22,22,105,76
M0665_rotleft.jpg,128,128,Drowsy,15,29,107,75
frame1122.jpg,128,128,Drowsy,3,36,94,68
c0160.jpg,128,128,NonDrowsy,22,26,103,65
L0326_rotleft.jpg,128,128,Drowsy,27,32,96,67
frame375_rotleft.jpg,128,128,NonDrowsy,11,28,106,68
T1007_rotright.jpg,128,128,Drowsy,22,28,115,75
n0078_rotright.jpg,128,128,NonDrowsy,26,33,116,70
frame4 (2).jpg,128,128,NonDrowsy,12,32,120,61
E0342_rotleft.jpg,128,128,NonDrowsy,26,24,92,68
X0150_rotright.jpg,128,128,NonDrowsy,22,27,117,73
M0012_rotleft.jpg,128,128,Drowsy,24,27,117,68
R0092_rotright.jpg,128,128,Drowsy,28,35,102,83
frame137_rotright.jpg,128,128,NonDrowsy,23,28,119,72
d0359.jpg,128,128,NonDrowsy,23,28,108,68
N0137_rotleft.jpg,128,128,Drowsy,17,31,109,71
frame381.jpg,128,128,Drowsy,9,27,97,65
w0342_rotleft.jpg,128,128,NonDrowsy,22,38,90,71
B0081.jpg,128,128,Drowsy,16,28,120,70
frame130 (2)_rotleft.jpg,128,128,Drowsy,19,20,111,55
m0107.jpg,128,128,NonDrowsy,16,33,109,67
frame628_rotleft.jpg,128,128,Drowsy,13,31,116,70
frame92.jpg,128,128,NonDrowsy,11,30,121,71
frame649.jpg,128,128,NonDrowsy,38,23,121,62
O0142.jpg,128,128,Drowsy,21,29,105,66
N0319_rotleft.jpg,128,128,NonDrowsy,11,26,106,71
J0171_rotright.jpg,128,128,Drowsy,21,33,110,71
frame645_rotright.jpg,128,128,Drowsy,9,29,102,60
frame297_rotright.jpg,128,128,NonDrowsy,15,31,119,74
x0045.jpg,128,128,Drowsy,11,28,110,66
k0146_rotleft.jpg,128,128,Drowsy,23,31,95,67
J0287_rotleft.jpg,128,128,Drowsy,13,36,104,69
ZC1205_rotleft.jpg,128,128,Drowsy,21,26,93,68
h0426_rotright.jpg,128,128,Drowsy,27,29,113,69
ZC0924_rotright.jpg,128,128,Drowsy,30,30,102,63
Y0461_rotleft.jpg,128,128,NonDrowsy,14,23,108,74
frame692_rotleft.jpg,128,128,Drowsy,13,30,109,66
frame523_rotleft_1.jpg,128,128,NonDrowsy,15,25,104,72
O0165_rotright.jpg,128,128,Drowsy,28,32,105,67
H0627_rotleft.jpg,128,128,NonDrowsy,24,27,95,66
ZB0692_rotright.jpg,128,128,Drowsy,28,25,110,65
frame130.jpg,128,128,Drowsy,23,35,114,66
frame2764_rotright.jpg,128,128,NonDrowsy,22,28,126,68
frame1079_rotright.jpg,128,128,Drowsy,31,24,121,68
e0855_rotleft.jpg,128,128,NonDrowsy,20,27,93,73
I0063_rotleft.jpg,128,128,Drowsy,19,30,110,74
a0682_rotleft.jpg,128,128,Drowsy,12,29,102,70
N0377_rotleft.jpg,128,128,Drowsy,16,27,103,68
frame156_rotleft.jpg,128,128,NonDrowsy,6,22,108,69
frame2371_rotleft.jpg,128,128,NonDrowsy,16,19,111,73
s0028.jpg,128,128,Drowsy,16,32,113,68
frame2318_rotleft.jpg,128,128,NonDrowsy,14,26,111,68
frame1235_rotright.jpg,128,128,Drowsy,34,25,124,77
frame860_rotright.jpg,128,128,Drowsy,46,27,128,69
frame2779_rotright.jpg,128,128,NonDrowsy,21,31,120,67
W0050.jpg,128,128,NonDrowsy,16,26,121,69
r0245_rotleft.jpg,128,128,NonDrowsy,25,35,94,73
T1004 - Copy.jpg,128,128,Drowsy,18,33,114,65
I0284_rotleft.jpg,128,128,NonDrowsy,15,24,111,80
za0088_rotleft.jpg,128,128,NonDrowsy,17,31,109,73
frame2785.jpg,128,128,NonDrowsy,8,29,107,66
i0894_rotleft.jpg,128,128,Drowsy,11,23,105,72
M0720_rotleft.jpg,128,128,NonDrowsy,16,20,106,77
s0013.jpg,128,128,NonDrowsy,21,31,112,64
c0055_rotleft.jpg,128,128,NonDrowsy,14,19,106,74
frame833_rotleft.jpg,128,128,NonDrowsy,20,28,108,68
C0147_rotright.jpg,128,128,NonDrowsy,27,27,111,67
l0368_rotleft.jpg,128,128,Drowsy,23,28,91,71
n0011_rotright.jpg,128,128,NonDrowsy,29,30,113,68
frame2514_rotleft.jpg,128,128,Drowsy,14,29,117,73
frame98.jpg,128,128,Drowsy,6,26,109,55
M0690_rotleft.jpg,128,128,Drowsy,24,26,111,76
frame1421_rotright.jpg,128,128,NonDrowsy,22,27,122,67
frame3084_rotleft.jpg,128,128,Drowsy,17,26,116,73
H0146_rotright.jpg,128,128,Drowsy,35,28,102,67
ZB1258.jpg,128,128,NonDrowsy,19,32,111,72
H0164_rotright.jpg,128,128,Drowsy,34,30,100,70
zc0028.jpg,128,128,NonDrowsy,24,32,100,65
X0236_rotright.jpg,128,128,NonDrowsy,18,27,117,75
I0480.jpg,128,128,NonDrowsy,11,31,117,68
W0204.jpg,128,128,NonDrowsy,16,23,118,68
P0143.jpg,128,128,NonDrowsy,17,28,108,70
frame157_rotleft_1.jpg,128,128,NonDrowsy,7,27,100,76
v0471.jpg,128,128,Drowsy,12,27,113,70
frame711_rotleft.jpg,128,128,NonDrowsy,26,27,109,69
frame125_rotleft.jpg,128,128,Drowsy,19,22,110,60
G0348.jpg,128,128,Drowsy,16,35,115,62
frame2371_rotright.jpg,128,128,NonDrowsy,25,26,126,71
w0030.jpg,128,128,NonDrowsy,18,35,99,69
T1019_rotleft.jpg,128,128,Drowsy,16,30,108,71
frame1 (2).jpg,128,128,NonDrowsy,5,24,120,64
j0260.jpg,128,128,NonDrowsy,19,34,115,65
frame465_rotleft.jpg,128,128,NonDrowsy,16,29,108,69
m0107_rotright.jpg,128,128,NonDrowsy,18,29,113,73
R0066.jpg,128,128,Drowsy,20,41,103,73
frame1644.jpg,128,128,Drowsy,6,33,97,70
ZA0297_rotleft.jpg,128,128,NonDrowsy,25,34,124,70
c0160_rotright.jpg,128,128,NonDrowsy,24,24,106,68
F0081.jpg,128,128,NonDrowsy,25,27,101,67
s0152_rotright.jpg,128,128,NonDrowsy,25,33,112,69
frame1389_rotright.jpg,128,128,Drowsy,30,34,119,72
frame2288_rotleft.jpg,128,128,Drowsy,9,31,106,69
s0008_rotright.jpg,128,128,NonDrowsy,27,27,113,68
G0013_rotright.jpg,128,128,NonDrowsy,23,27,125,72
frame2990.jpg,128,128,NonDrowsy,22,28,124,69
U0265_rotleft.jpg,128,128,NonDrowsy,17,22,103,78
I0076_rotleft.jpg,128,128,Drowsy,18,25,112,73
x1380.jpg,128,128,Drowsy,14,31,110,66
U0464_rotleft.jpg,128,128,NonDrowsy,8,21,101,73
frame10_rotright.jpg,128,128,Drowsy,30,27,118,70
frame256.jpg,128,128,Drowsy,15,26,118,59
s0152_rotleft.jpg,128,128,NonDrowsy,18,33,105,69
V0009.jpg,128,128,NonDrowsy,12,28,111,69
frame157_1.jpg,128,128,NonDrowsy,9,21,113,69
frame1129_rotright.jpg,128,128,Drowsy,16,29,114,77
n0078.jpg,128,128,NonDrowsy,22,30,116,66
frame464_rotleft.jpg,128,128,Drowsy,13,29,107,72
frame398.jpg,128,128,Drowsy,14,26,112,55
frame602_rotleft.jpg,128,128,NonDrowsy,22,21,113,63
frame302.jpg,128,128,NonDrowsy,11,29,114,67
frame2341_rotright.jpg,128,128,NonDrowsy,18,23,121,70
ZA0034_rotright.jpg,128,128,NonDrowsy,28,23,116,74
I0825_rotright.jpg,128,128,Drowsy,26,28,116,73
frame1310.jpg,128,128,Drowsy,24,39,124,71
w0054_rotleft.jpg,128,128,NonDrowsy,25,34,91,73
D0041_rotright.jpg,128,128,Drowsy,22,29,110,79
d0003_rotright.jpg,128,128,NonDrowsy,29,30,110,72
frame424.jpg,128,128,NonDrowsy,19,28,125,63
frame69_rotright.jpg,128,128,Drowsy,13,36,112,73
v0019_rotleft.jpg,128,128,Drowsy,12,33,101,74
frame870.jpg,128,128,Drowsy,13,40,124,76
c0196.jpg,128,128,NonDrowsy,26,26,109,69
g0043_rotleft.jpg,128,128,NonDrowsy,22,28,93,72
frame2948.jpg,128,128,NonDrowsy,18,30,121,70
E0363_rotright.jpg,128,128,Drowsy,35,32,108,69
I0541.jpg,128,128,NonDrowsy,15,31,118,70
c0231_rotright.jpg,128,128,NonDrowsy,27,24,113,69
frame1521.jpg,128,128,NonDrowsy,6,24,119,65
r0026.jpg,128,128,NonDrowsy,23,38,102,68
frame679_rotright.jpg,128,128,NonDrowsy,19,24,97,57
ZB1612.jpg,128,128,Drowsy,19,33,111,64
l0368_rotright.jpg,128,128,Drowsy,29,29,101,67
frame415_rotright.jpg,128,128,NonDrowsy,39,25,128,73
S0515.jpg,128,128,Drowsy,17,36,107,67
I0103.jpg,128,128,NonDrowsy,14,34,119,72
a0138_rotleft.jpg,128,128,NonDrowsy,13,27,103,74
U0414_rotleft.jpg,128,128,Drowsy,10,31,111,76
L0112_rotright.jpg,128,128,Drowsy,32,28,102,68
Y0642_rotright.jpg,128,128,Drowsy,27,33,109,68
W0696_rotleft.jpg,128,128,Drowsy,19,30,113,71
frame0_rotleft.jpg,128,128,NonDrowsy,7,22,106,68
m0426_rotright.jpg,128,128,Drowsy,26,27,98,66
frame130 (2).jpg,128,128,Drowsy,23,16,118,54
frame302_rotright.jpg,128,128,NonDrowsy,21,28,117,71
n0030.jpg,128,128,NonDrowsy,22,30,117,65
F0199_rotleft.jpg,128,128,Drowsy,23,27,93,72
a0921_rotleft.jpg,128,128,Drowsy,15,29,99,69
w0201.jpg,128,128,Drowsy,17,30,91,66
frame192.jpg,128,128,NonDrowsy,12,25,121,65
ZB0692_rotleft.jpg,128,128,Drowsy,19,23,100,68
k0404_rotleft.jpg,128,128,NonDrowsy,25,31,97,69
frame524.jpg,128,128,Drowsy,12,33,116,72
s0162.jpg,128,128,NonDrowsy,21,31,114,63
frame393_rotright.jpg,128,128,Drowsy,29,15,116,46
frame3159_rotleft.jpg,128,128,NonDrowsy,12,31,98,76
w0024_rotleft.jpg,128,128,NonDrowsy,24,31,93,70
ZB1258_rotleft.jpg,128,128,NonDrowsy,22,30,101,77
za0088_rotright.jpg,128,128,NonDrowsy,21,35,114,73
frame2785_rotright.jpg,128,128,NonDrowsy,16,27,117,67
frame306.jpg,128,128,NonDrowsy,5,26,94,65
frame121_rotleft.jpg,128,128,Drowsy,13,24,110,65
frame84.jpg,128,128,Drowsy,8,39,111,74
frame1404.jpg,128,128,Drowsy,25,39,114,69
frame2625_rotright.jpg,128,128,NonDrowsy,32,27,120,71
U0244.jpg,128,128,NonDrowsy,11,28,108,71
W0248.jpg,128,128,Drowsy,21,35,112,68
H0021.jpg,128,128,Drowsy,23,30,100,68
w0030_rotleft.jpg,128,128,NonDrowsy,24,30,95,75
frame440.jpg,128,128,Drowsy,19,49,116,79
s0001_rotleft.jpg,128,128,NonDrowsy,20,28,105,70
frame2551.jpg,128,128,NonDrowsy,15,24,120,62
I0301.jpg,128,128,Drowsy,22,34,121,69
frame1900.jpg,128,128,Drowsy,16,36,120,66
N0375_rotright.jpg,128,128,Drowsy,19,31,112,73
A1425.jpg,128,128,Drowsy,23,30,109,67
frame528_rotleft.jpg,128,128,Drowsy,7,27,107,66
b0083_rotleft.jpg,128,128,NonDrowsy,15,31,116,78
frame591_rotright.jpg,128,128,NonDrowsy,30,35,128,76
frame40_rotleft.jpg,128,128,Drowsy,10,19,94,51
T1004.jpg,128,128,Drowsy,18,34,114,66
J0171_rotleft.jpg,128,128,Drowsy,11,38,107,70
I0822_rotright.jpg,128,128,Drowsy,25,26,118,76
T0673 - Copy_rotleft.jpg,128,128,Drowsy,18,33,112,74
U0409_rotleft.jpg,128,128,Drowsy,9,29,106,75
R0039_rotright.jpg,128,128,NonDrowsy,24,31,105,76
n0258_rotleft.jpg,128,128,Drowsy,20,26,111,74
zc0309_rotleft.jpg,128,128,NonDrowsy,23,33,95,70
j0108_rotright.jpg,128,128,Drowsy,18,30,110,70
frame679_rotleft.jpg,128,128,NonDrowsy,3,31,69,69
Y0606_1.jpg,128,128,NonDrowsy,23,25,110,67
frame156_rotright.jpg,128,128,NonDrowsy,23,25,122,66
X0236.jpg,128,128,NonDrowsy,15,32,118,66
frame3_rotright.jpg,128,128,NonDrowsy,16,27,116,71
frame2341_rotleft.jpg,128,128,NonDrowsy,11,20,105,73
N0375.jpg,128,128,Drowsy,15,33,110,64
S0515_rotleft.jpg,128,128,Drowsy,18,32,102,70
frame1430_rotright.jpg,128,128,NonDrowsy,48,30,125,69
M0173_rotright.jpg,128,128,NonDrowsy,20,24,116,70
frame2743.jpg,128,128,Drowsy,8,34,121,67
frame2_rotleft_1.jpg,128,128,NonDrowsy,18,23,112,63
frame297_rotleft.jpg,128,128,NonDrowsy,14,27,108,75
F0085_rotright.jpg,128,128,NonDrowsy,33,23,105,68
H0027_rotright.jpg,128,128,Drowsy,30,34,103,71
x0348_rotleft.jpg,128,128,NonDrowsy,16,32,100,70
frame1959.jpg,128,128,Drowsy,28,41,115,70
ZB0987_rotright.jpg,128,128,NonDrowsy,27,32,109,70
F0161.jpg,128,128,Drowsy,24,30,101,63
frame2890.jpg,128,128,NonDrowsy,9,28,111,64
frame1290_rotleft_1.jpg,128,128,NonDrowsy,17,24,121,65
a0033_rotright.jpg,128,128,NonDrowsy,20,25,108,70
E0348_rotleft.jpg,128,128,NonDrowsy,29,30,90,70
H0452_rotright.jpg,128,128,Drowsy,25,36,104,78
u0222_rotleft.jpg,128,128,NonDrowsy,14,29,100,69
frame67_rotleft.jpg,128,128,Drowsy,8,25,99,67
frame293.jpg,128,128,NonDrowsy,11,32,116,72
zb0666_rotright.jpg,128,128,NonDrowsy,30,31,109,67
frame75_rotleft.jpg,128,128,Drowsy,16,29,112,68
zb0004_rotright.jpg,128,128,Drowsy,29,24,113,62
ZB0028_rotleft.jpg,128,128,Drowsy,18,30,99,68
frame1713.jpg,128,128,Drowsy,9,32,89,73
B0081_rotright.jpg,128,128,Drowsy,19,33,118,69
frame615_rotleft.jpg,128,128,NonDrowsy,10,26,109,70
frame546_rotright_1.jpg,128,128,NonDrowsy,31,33,123,74
M0767.jpg,128,128,Drowsy,18,36,114,65
S0376_rotright.jpg,128,128,Drowsy,22,32,114,69
I0108_rotleft.jpg,128,128,NonDrowsy,13,23,110,73
e0537.jpg,128,128,Drowsy,26,33,102,67
D0171_rotleft.jpg,128,128,Drowsy,15,38,104,68
frame130 (2)_rotright.jpg,128,128,Drowsy,37,22,123,61
frame540.jpg,128,128,Drowsy,9,28,112,70
frame1_rotleft.jpg,128,128,NonDrowsy,15,19,112,70
K0129_rotleft.jpg,128,128,Drowsy,28,30,94,72
frame231_rotleft.jpg,128,128,NonDrowsy,18,24,120,63
s0028_rotleft.jpg,128,128,Drowsy,15,24,110,69
N0245_rotright.jpg,128,128,Drowsy,16,28,112,78
Y1213_rotright.jpg,128,128,Drowsy,27,28,110,76
h0475_rotleft.jpg,128,128,Drowsy,22,30,105,72
frame2649.jpg,128,128,NonDrowsy,17,22,117,71
N0379_rotright.jpg,128,128,Drowsy,24,36,107,72
I0076.jpg,128,128,Drowsy,13,34,121,68
frame2764.jpg,128,128,NonDrowsy,16,28,123,63
i0895_rotleft.jpg,128,128,Drowsy,8,25,107,71
frame2891_rotleft.jpg,128,128,Drowsy,15,22,112,64
frame595.jpg,128,128,Drowsy,13,27,109,53
g0021_rotright.jpg,128,128,Drowsy,28,28,108,68
I0306_rotright.jpg,128,128,Drowsy,23,33,119,71
frame0_rotright.jpg,128,128,NonDrowsy,21,25,123,67
c0044_rotleft.jpg,128,128,NonDrowsy,20,24,97,73
frame740.jpg,128,128,Drowsy,18,30,126,67
frame2775_rotleft.jpg,128,128,NonDrowsy,12,28,103,71
frame833_rotright.jpg,128,128,NonDrowsy,33,30,123,75
frame2779_rotleft.jpg,128,128,NonDrowsy,18,29,100,73
n0030_rotleft.jpg,128,128,NonDrowsy,23,31,113,75
v0014.jpg,128,128,NonDrowsy,6,33,109,63
zb0009_rotleft.jpg,128,128,Drowsy,19,24,106,69
frame237_rotleft.jpg,128,128,NonDrowsy,11,22,104,69
u0266_rotright.jpg,128,128,NonDrowsy,22,22,107,68
c0030_rotright.jpg,128,128,NonDrowsy,24,24,108,68
frame404_rotleft.jpg,128,128,NonDrowsy,5,36,88,76
frame2318_rotright.jpg,128,128,NonDrowsy,25,27,124,68
frame394_rotleft.jpg,128,128,NonDrowsy,6,36,68,77
o0066.jpg,128,128,NonDrowsy,20,31,101,63
frame523_rotright.jpg,128,128,Drowsy,25,23,119,61
o0066_rotright.jpg,128,128,NonDrowsy,25,32,103,64
N1092_rotleft.jpg,128,128,Drowsy,16,27,108,72
frame7_rotright_1.jpg,128,128,NonDrowsy,18,26,123,69
za0101_rotleft.jpg,128,128,NonDrowsy,18,31,109,74
T0033_rotleft.jpg,128,128,NonDrowsy,13,25,110,74
P0257_rotleft.jpg,128,128,Drowsy,19,34,111,71
a0138_rotright.jpg,128,128,NonDrowsy,21,26,109,73
c0332_rotright.jpg,128,128,NonDrowsy,23,26,109,72
L0326.jpg,128,128,Drowsy,29,33,105,69
s0147_rotright.jpg,128,128,NonDrowsy,25,27,112,70
frame523.jpg,128,128,Drowsy,17,26,115,58
j0147.jpg,128,128,NonDrowsy,17,29,113,67
N0158.jpg,128,128,Drowsy,17,32,110,71
x0348.jpg,128,128,NonDrowsy,16,27,104,64
g0023_rotright.jpg,128,128,NonDrowsy,30,28,106,70
M0173_rotleft.jpg,128,128,NonDrowsy,18,20,104,71
frame595_rotright.jpg,128,128,Drowsy,23,24,119,58
d0858.jpg,128,128,Drowsy,26,34,103,69
frame52.jpg,128,128,Drowsy,12,31,105,64
O0165_rotleft.jpg,128,128,Drowsy,27,27,98,72
Y1240_rotright.jpg,128,128,Drowsy,23,25,111,69
frame357.jpg,128,128,NonDrowsy,4,34,104,67
frame2644_rotleft.jpg,128,128,Drowsy,15,29,112,66
frame628_rotright.jpg,128,128,Drowsy,23,26,121,73
frame394.jpg,128,128,NonDrowsy,3,34,78,67
X0150.jpg,128,128,NonDrowsy,19,32,112,70
frame2480_rotright.jpg,128,128,Drowsy,36,35,100,95
frame1959_rotleft.jpg,128,128,Drowsy,29,33,109,70
K0331_rotleft.jpg,128,128,NonDrowsy,23,24,90,71
ZA0727_rotright.jpg,128,128,NonDrowsy,17,31,120,76
frame900.jpg,128,128,Drowsy,28,34,118,63
frame2447_rotleft.jpg,128,128,NonDrowsy,9,21,109,68
frame769_rotright.jpg,128,128,Drowsy,12,30,97,65
frame1535_rotleft.jpg,128,128,NonDrowsy,15,28,102,74
w0055_rotleft.jpg,128,128,NonDrowsy,24,36,90,73
frame192_rotleft.jpg,128,128,NonDrowsy,5,23,105,68
I0009.jpg,128,128,Drowsy,11,36,116,67
frame344.jpg,128,128,Drowsy,26,33,118,67
frame507.jpg,128,128,NonDrowsy,17,22,116,64
N0320_rotleft.jpg,128,128,NonDrowsy,9,24,104,78
frame759_rotleft.jpg,128,128,Drowsy,11,35,113,76
O0034_rotleft.jpg,128,128,Drowsy,24,28,98,73
frame740_rotleft.jpg,128,128,Drowsy,13,30,116,65
frame1075.jpg,128,128,Drowsy,27,28,117,63
frame2690_rotleft.jpg,128,128,Drowsy,25,32,115,70
X1474_rotleft.jpg,128,128,NonDrowsy,15,24,110,77
frame645_rotleft.jpg,128,128,Drowsy,0,32,87,69
D0032_rotleft.jpg,128,128,NonDrowsy,15,30,105,70
w0030_rotright.jpg,128,128,NonDrowsy,20,30,98,73
I0065_rotright.jpg,128,128,Drowsy,22,29,122,74
K0138_rotleft.jpg,128,128,Drowsy,27,30,91,70
frame566_rotleft_1.jpg,128,128,NonDrowsy,4,35,80,74
frame8.jpg,128,128,NonDrowsy,4,34,102,68
n0107_rotleft.jpg,128,128,NonDrowsy,20,29,115,77
frame1421_rotleft.jpg,128,128,NonDrowsy,12,24,108,66
Y0606_rotright.jpg,128,128,NonDrowsy,23,25,107,76
D0037_rotleft.jpg,128,128,Drowsy,15,36,106,73
frame125.jpg,128,128,Drowsy,25,23,118,60
q0138.jpg,128,128,Drowsy,20,33,102,62
frame430_rotright.jpg,128,128,NonDrowsy,10,23,98,59
frame309_rotleft.jpg,128,128,Drowsy,13,29,104,72
W0683_rotleft.jpg,128,128,NonDrowsy,16,18,110,73
B0069_rotleft.jpg,128,128,Drowsy,16,29,105,79
g0010_rotright.jpg,128,128,NonDrowsy,29,29,105,68
v0035_rotleft.jpg,128,128,NonDrowsy,13,33,107,71
frame838_rotleft.jpg,128,128,NonDrowsy,19,25,110,68
I0480_rotright.jpg,128,128,NonDrowsy,22,26,111,78
frame157_rotleft.jpg,128,128,Drowsy,11,29,101,73
a0020_rotright.jpg,128,128,Drowsy,23,25,111,69
frame2625_rotleft.jpg,128,128,NonDrowsy,22,30,113,64
I0013.jpg,128,128,Drowsy,16,37,114,67
frame2856_rotright.jpg,128,128,Drowsy,43,24,110,92
N0239_rotright.jpg,128,128,Drowsy,25,27,111,79
r0168_rotright.jpg,128,128,NonDrowsy,30,36,99,70
frame1687.jpg,128,128,NonDrowsy,11,24,122,67
G0309_rotleft.jpg,128,128,NonDrowsy,13,25,113,72
w0342.jpg,128,128,NonDrowsy,23,27,91,68
B0071_rotright.jpg,128,128,Drowsy,18,30,124,71
frame565_rotright.jpg,128,128,NonDrowsy,26,30,115,77
K0129_rotright.jpg,128,128,Drowsy,32,31,104,67
c0231.jpg,128,128,NonDrowsy,20,21,112,62
frame3125_rotleft.jpg,128,128,NonDrowsy,18,25,110,65
w0201_rotleft.jpg,128,128,Drowsy,14,34,89,71
d0359_rotleft.jpg,128,128,NonDrowsy,18,30,105,74
a0005_rotleft.jpg,128,128,NonDrowsy,15,26,101,71
frame3084.jpg,128,128,Drowsy,19,35,124,71
W0399.jpg,128,128,Drowsy,23,38,115,65
ZB1222.jpg,128,128,Drowsy,25,35,110,64
J0375.jpg,128,128,Drowsy,14,33,110,67
G0306.jpg,128,128,NonDrowsy,18,31,114,60
M0768.jpg,128,128,Drowsy,17,34,119,70
frame54.jpg,128,128,Drowsy,9,32,112,70
frame2598_rotright.jpg,128,128,NonDrowsy,32,28,126,72
frame760_rotleft.jpg,128,128,NonDrowsy,4,30,81,73
k0040_rotright.jpg,128,128,Drowsy,32,32,106,63
Y0642.jpg,128,128,Drowsy,19,33,109,66
I0316.jpg,128,128,Drowsy,20,34,118,69
S0291_rotright.jpg,128,128,Drowsy,17,35,116,70
frame464_rotright.jpg,128,128,Drowsy,17,27,115,71
d0003_rotleft.jpg,128,128,NonDrowsy,19,26,104,71
T1019 - Copy.jpg,128,128,Drowsy,19,36,116,69
frame3125_rotright.jpg,128,128,NonDrowsy,29,25,128,70
d0027_rotright.jpg,128,128,NonDrowsy,28,32,109,70
Y1203_rotleft.jpg,128,128,Drowsy,21,35,101,69
zb0009.jpg,128,128,Drowsy,19,28,111,67
P0822.jpg,128,128,Drowsy,21,31,113,68
ZA0779_rotright.jpg,128,128,Drowsy,17,29,117,70
v0474_rotleft.jpg,128,128,NonDrowsy,16,31,96,77
y0036_rotleft.jpg,128,128,NonDrowsy,23,30,99,65
q0493.jpg,128,128,NonDrowsy,26,30,99,62
frame256_rotright.jpg,128,128,Drowsy,26,27,117,62
w0009.jpg,128,128,NonDrowsy,24,26,103,65
frame759.jpg,128,128,Drowsy,14,41,121,76
E0927_rotleft.jpg,128,128,NonDrowsy,28,32,89,71
c0332_rotleft.jpg,128,128,NonDrowsy,23,22,99,72
e0324_rotleft.jpg,128,128,Drowsy,25,26,94,70
n0105.jpg,128,128,NonDrowsy,21,38,113,67
I0067_rotleft.jpg,128,128,Drowsy,18,31,116,75
k0213_rotright.jpg,128,128,NonDrowsy,32,32,105,69
frame25_rotleft_1.jpg,128,128,NonDrowsy,18,25,106,71
S0292_rotleft.jpg,128,128,Drowsy,19,24,104,78
frame2180.jpg,128,128,Drowsy,13,40,108,79
ZC0938.jpg,128,128,Drowsy,22,33,104,63
I0541_rotright.jpg,128,128,NonDrowsy,22,27,118,76
N0026_rotleft.jpg,128,128,Drowsy,20,31,105,68
Q0584_rotright.jpg,128,128,Drowsy,29,29,104,63
H0046_rotleft.jpg,128,128,Drowsy,24,30,96,71
frame546 (2).jpg,128,128,NonDrowsy,8,35,108,70
y0322_rotright.jpg,128,128,NonDrowsy,30,32,107,66
I0013_rotright.jpg,128,128,Drowsy,23,28,119,73
a0033_rotleft.jpg,128,128,NonDrowsy,14,27,102,75
a0005_rotright.jpg,128,128,NonDrowsy,26,27,115,69
frame1.jpg,128,128,NonDrowsy,17,26,122,68
W0079_rotright.jpg,128,128,NonDrowsy,23,21,120,78
s0006.jpg,128,128,NonDrowsy,20,30,113,63
k0084_rotleft.jpg,128,128,NonDrowsy,24,28,94,67
frame415_rotleft.jpg,128,128,NonDrowsy,23,21,119,63
frame130 (3)_rotleft.jpg,128,128,Drowsy,23,20,110,54
I0480_rotleft.jpg,128,128,NonDrowsy,12,27,107,72
frame2 (2)_rotleft_1.jpg,128,128,NonDrowsy,18,18,112,63
M0396_rotright.jpg,128,128,Drowsy,19,31,115,74
frame670_rotright.jpg,128,128,NonDrowsy,16,25,113,65
frame661.jpg,128,128,NonDrowsy,34,35,119,66
U0084_rotright.jpg,128,128,NonDrowsy,27,22,108,77
frame443.jpg,128,128,Drowsy,18,29,117,66
frame386_rotleft.jpg,128,128,NonDrowsy,9,27,104,74
K0331.jpg,128,128,NonDrowsy,23,27,102,67
i0001_rotleft.jpg,128,128,NonDrowsy,14,25,106,72
frame465.jpg,128,128,NonDrowsy,13,32,116,68
b0083.jpg,128,128,NonDrowsy,14,24,120,66
P0055.jpg,128,128,Drowsy,20,30,109,68
N0377.jpg,128,128,Drowsy,14,34,115,66
frame2341.jpg,128,128,NonDrowsy,12,24,118,66
u0391_rotright.jpg,128,128,NonDrowsy,15,26,110,74
k0040.jpg,128,128,Drowsy,26,33,103,66
Y0454.jpg,128,128,NonDrowsy,16,28,113,63
frame40_rotright.jpg,128,128,Drowsy,30,21,121,51
frame1900_rotright.jpg,128,128,Drowsy,28,29,123,69
frame311 (2).jpg,128,128,NonDrowsy,5,29,102,66
N0375_rotleft.jpg,128,128,Drowsy,14,31,104,71
N0318_rotright.jpg,128,128,NonDrowsy,24,19,116,79
N0235_rotright.jpg,128,128,Drowsy,23,24,110,78
frame441_rotleft.jpg,128,128,NonDrowsy,2,25,111,71
B0071.jpg,128,128,Drowsy,18,28,119,69
frame385_rotleft.jpg,128,128,Drowsy,21,32,113,74
J0121.jpg,128,128,Drowsy,15,32,112,68
M0182_rotright.jpg,128,128,Drowsy,27,30,120,73
frame27_rotleft.jpg,128,128,NonDrowsy,11,30,105,72
frame1089_rotleft.jpg,128,128,Drowsy,19,25,107,68
frame390_rotright.jpg,128,128,Drowsy,30,21,120,55
M0182.jpg,128,128,Drowsy,23,31,117,66
frame2866.jpg,128,128,Drowsy,24,24,120,68
I0065.jpg,128,128,Drowsy,17,38,122,68
N0235_rotleft.jpg,128,128,Drowsy,18,32,107,70
d0209_rotright.jpg,128,128,Drowsy,26,33,109,71
frame298_rotright.jpg,128,128,NonDrowsy,19,28,118,72
frame2447_rotright.jpg,128,128,NonDrowsy,20,22,117,67
Y1213.jpg,128,128,Drowsy,19,36,111,69
I0065_rotleft.jpg,128,128,Drowsy,19,25,116,74
H0452_rotleft.jpg,128,128,Drowsy,25,35,98,80
X1465.jpg,128,128,Drowsy,16,40,111,70
K0357_rotright.jpg,128,128,Drowsy,33,29,100,70
frame130 (3).jpg,128,128,Drowsy,30,22,119,54
s0147_rotleft.jpg,128,128,NonDrowsy,18,25,110,70
g0111_rotright.jpg,128,128,NonDrowsy,33,30,103,68
X1189.jpg,128,128,NonDrowsy,9,30,116,72
N0245_rotleft.jpg,128,128,Drowsy,13,34,108,71
K0332_rotleft.jpg,128,128,NonDrowsy,24,25,95,71
frame313.jpg,128,128,NonDrowsy,17,27,124,67
ZA0297.jpg,128,128,NonDrowsy,30,36,122,81
frame1225.jpg,128,128,NonDrowsy,8,25,117,64
za0001_rotleft.jpg,128,128,NonDrowsy,15,31,112,74
frame1265.jpg,128,128,Drowsy,15,30,116,66
frame2866_rotright.jpg,128,128,Drowsy,37,21,124,75
J0373_rotleft.jpg,128,128,Drowsy,18,35,103,71
frame3105_rotleft.jpg,128,128,NonDrowsy,23,22,116,64
ZA0774.jpg,128,128,Drowsy,14,35,119,64
frame52_rotright.jpg,128,128,Drowsy,20,29,113,66
V0090_rotright.jpg,128,128,Drowsy,16,34,108,67
frame2431_rotright.jpg,128,128,NonDrowsy,31,26,126,70
s0152.jpg,128,128,NonDrowsy,17,33,116,66
c0321.jpg,128,128,Drowsy,21,23,108,63
A0250.jpg,128,128,Drowsy,23,30,105,65
y0218_rotright.jpg,128,128,NonDrowsy,31,30,108,65
T1004 - Copy_rotright.jpg,128,128,Drowsy,22,30,113,74
N0319_rotright.jpg,128,128,NonDrowsy,22,22,117,76
A0250_rotright.jpg,128,128,Drowsy,26,27,109,70
frame507_rotright.jpg,128,128,NonDrowsy,32,21,120,71
frame737_rotleft.jpg,128,128,NonDrowsy,2,27,97,73
Y0640_rotleft.jpg,128,128,Drowsy,25,25,101,76
L0102.jpg,128,128,Drowsy,24,33,103,65
frame94_rotright.jpg,128,128,Drowsy,13,44,114,81
Y0615_rotright.jpg,128,128,Drowsy,24,32,106,73
L0285_rotright.jpg,128,128,Drowsy,30,34,105,67
frame385_rotright.jpg,128,128,Drowsy,20,31,120,75
j0457_rotright.jpg,128,128,NonDrowsy,24,29,109,72
s0027.jpg,128,128,Drowsy,13,27,115,68
n0108.jpg,128,128,NonDrowsy,16,37,115,71
frame12_rotleft.jpg,128,128,NonDrowsy,12,32,108,75
frame2441_rotleft.jpg,128,128,NonDrowsy,13,16,108,70
frame2856_rotleft.jpg,128,128,Drowsy,23,36,118,72
U0109.jpg,128,128,NonDrowsy,24,27,110,70
n0640_rotright.jpg,128,128,NonDrowsy,25,28,114,68
frame2318.jpg,128,128,NonDrowsy,20,29,126,66
a0143_rotleft.jpg,128,128,NonDrowsy,15,30,100,72
M0764.jpg,128,128,Drowsy,14,35,118,63
d0858_rotleft.jpg,128,128,Drowsy,29,30,99,71
frame25_rotright_1.jpg,128,128,NonDrowsy,20,27,121,72
frame97.jpg,128,128,NonDrowsy,7,31,115,66
v0035_rotright.jpg,128,128,NonDrowsy,17,32,106,71
frame2790_rotleft.jpg,128,128,NonDrowsy,11,27,99,74
N0158_rotright.jpg,128,128,Drowsy,23,24,117,77
ZA0727_rotleft.jpg,128,128,NonDrowsy,10,25,113,72
N0319.jpg,128,128,NonDrowsy,14,30,114,68
frame964_rotleft.jpg,128,128,NonDrowsy,7,34,72,77
frame10_rotleft.jpg,128,128,Drowsy,20,29,117,62
b0323_rotleft.jpg,128,128,NonDrowsy,21,21,115,76
ZC0924.jpg,128,128,Drowsy,22,33,98,64
S0296_rotleft.jpg,128,128,Drowsy,19,26,104,81
ZB0970.jpg,128,128,Drowsy,21,33,107,65
za0101_rotright.jpg,128,128,NonDrowsy,20,36,114,73
frame3170_rotright.jpg,128,128,NonDrowsy,18,26,120,69
ZC1214_rotleft.jpg,128,128,Drowsy,20,27,94,68
frame2431.jpg,128,128,NonDrowsy,23,22,126,71
ZB1506_rotleft.jpg,128,128,NonDrowsy,15,22,102,72
frame881.jpg,128,128,NonDrowsy,21,31,123,67
L0092_rotright.jpg,128,128,Drowsy,30,30,102,67
frame171_rotright.jpg,128,128,NonDrowsy,22,28,125,69
u0434.jpg,128,128,Drowsy,12,27,100,65
frame546 (2)_rotright.jpg,128,128,NonDrowsy,20,26,115,66
v0336.jpg,128,128,NonDrowsy,10,35,108,64
G0025.jpg,128,128,Drowsy,12,33,121,64
frame756_rotleft.jpg,128,128,NonDrowsy,3,28,88,74
D0041.jpg,128,128,Drowsy,15,33,108,74
D0051.jpg,128,128,NonDrowsy,19,33,106,69
frame670_rotleft.jpg,128,128,NonDrowsy,10,26,102,67
I0071.jpg,128,128,Drowsy,18,33,120,67
X1500_rotright.jpg,128,128,Drowsy,21,29,111,72
frame2480.jpg,128,128,Drowsy,27,35,109,86
frame1737_rotleft.jpg,128,128,NonDrowsy,8,26,113,71
ZC0001_rotright.jpg,128,128,NonDrowsy,28,29,103,69
H0027_rotleft.jpg,128,128,Drowsy,24,36,99,72
F0041_rotleft.jpg,128,128,NonDrowsy,19,26,90,71
frame649_rotleft.jpg,128,128,NonDrowsy,29,20,108,64
r0233_rotright.jpg,128,128,NonDrowsy,30,39,102,69
frame969_rotright.jpg,128,128,NonDrowsy,6,28,96,59
frame106.jpg,128,128,NonDrowsy,30,24,120,66
U0345_rotleft.jpg,128,128,Drowsy,16,28,96,75
n0343_rotright.jpg,128,128,NonDrowsy,21,30,123,76
v0560_rotleft.jpg,128,128,NonDrowsy,22,27,106,74
frame711_rotright.jpg,128,128,NonDrowsy,34,31,125,69
frame21.jpg,128,128,NonDrowsy,8,25,119,68
frame575_rotleft.jpg,128,128,NonDrowsy,10,32,112,69
za0001.jpg,128,128,NonDrowsy,16,35,113,68
frame1781_rotright.jpg,128,128,NonDrowsy,18,28,121,71
O0042_rotright.jpg,128,128,Drowsy,28,22,103,68
frame140_rotright.jpg,128,128,Drowsy,36,15,122,55
frame22_rotright.jpg,128,128,NonDrowsy,18,26,117,68
frame849.jpg,128,128,Drowsy,14,32,120,69
frame84_rotright.jpg,128,128,Drowsy,13,40,115,76
frame283_rotright.jpg,128,128,NonDrowsy,22,31,121,69
M0262_rotleft.jpg,128,128,NonDrowsy,15,20,108,72
frame615_rotright.jpg,128,128,NonDrowsy,18,26,121,67
frame106_rotright.jpg,128,128,NonDrowsy,45,30,128,76
e0324_rotright.jpg,128,128,Drowsy,25,27,103,66
O0142_rotleft.jpg,128,128,Drowsy,22,29,98,68
m0294_rotright.jpg,128,128,NonDrowsy,21,27,113,71
D0054_rotleft.jpg,128,128,NonDrowsy,14,27,102,72
H0001_rotright.jpg,128,128,Drowsy,31,33,102,73
D0043.jpg,128,128,Drowsy,21,36,103,70
T1007 - Copy_rotright.jpg,128,128,Drowsy,24,29,117,75
X0333.jpg,128,128,Drowsy,17,35,113,65
frame130 (3)_rotright.jpg,128,128,Drowsy,36,23,124,59
F0161_rotleft.jpg,128,128,Drowsy,23,30,94,69
c0213_rotright.jpg,128,128,Drowsy,35,21,110,65
N0074_rotright.jpg,128,128,Drowsy,21,26,112,79
frame1290_rotleft.jpg,128,128,Drowsy,18,39,107,79
frame2874_rotright.jpg,128,128,NonDrowsy,23,30,124,69
a0020.jpg,128,128,Drowsy,16,31,111,69
A1425_rotleft.jpg,128,128,Drowsy,20,29,97,66
G0308.jpg,128,128,NonDrowsy,16,29,123,61
frame2183_rotleft.jpg,128,128,Drowsy,17,24,98,70
frame89.jpg,128,128,Drowsy,4,44,112,77
N0378.jpg,128,128,Drowsy,15,31,114,66
d0503_rotright.jpg,128,128,NonDrowsy,25,33,107,70
E0789_rotright.jpg,128,128,Drowsy,30,30,107,68
j0314_rotleft.jpg,128,128,NonDrowsy,18,30,107,69
H0164_rotleft.jpg,128,128,Drowsy,26,31,94,68
N1164_rotleft.jpg,128,128,Drowsy,13,31,108,70
h0054.jpg,128,128,Drowsy,20,31,108,70
L0118_rotleft.jpg,128,128,Drowsy,29,32,96,72
K0129.jpg,128,128,Drowsy,29,35,99,65
n0258_rotright.jpg,128,128,Drowsy,23,35,117,70
frame3100_rotright.jpg,128,128,NonDrowsy,29,23,124,67
frame1991.jpg,128,128,NonDrowsy,22,26,127,64
frame2145.jpg,128,128,Drowsy,18,34,118,64
i0333_rotright.jpg,128,128,Drowsy,19,24,109,68
frame255.jpg,128,128,NonDrowsy,18,29,119,69
v0474.jpg,128,128,NonDrowsy,14,33,106,67
n0108_rotright.jpg,128,128,NonDrowsy,20,33,112,72
N1092.jpg,128,128,Drowsy,13,36,114,68
X0324_rotleft.jpg,128,128,Drowsy,16,29,108,72
L0107_rotleft.jpg,128,128,Drowsy,29,29,96,70
c0218_rotright.jpg,128,128,Drowsy,34,29,116,69
frame307_rotright.jpg,128,128,NonDrowsy,23,31,123,76
k0204_rotleft.jpg,128,128,NonDrowsy,23,32,93,69
X0236_rotleft.jpg,128,128,NonDrowsy,12,23,115,77
X1465_rotright.jpg,128,128,Drowsy,22,32,112,73
k0204_rotright.jpg,128,128,NonDrowsy,33,31,102,66
ZB1583.jpg,128,128,Drowsy,20,36,104,66
ZB1394.jpg,128,128,NonDrowsy,23,31,111,66
frame2790.jpg,128,128,NonDrowsy,12,26,108,67
X0235_rotright.jpg,128,128,NonDrowsy,20,28,114,75
h0041_rotleft.jpg,128,128,Drowsy,19,29,104,70
frame424_rotright.jpg,128,128,NonDrowsy,32,27,128,68
F0332.jpg,128,128,Drowsy,22,31,103,64
frame313_rotleft.jpg,128,128,NonDrowsy,17,23,111,70
H0119_rotright.jpg,128,128,Drowsy,33,34,102,70
e0364.jpg,128,128,Drowsy,24,28,103,64
frame366_rotright.jpg,128,128,NonDrowsy,22,28,116,72
o0417_rotleft.jpg,128,128,NonDrowsy,24,28,99,67
M0765_rotleft.jpg,128,128,Drowsy,17,26,96,68
frame167_rotleft.jpg,128,128,NonDrowsy,10,25,104,74
O0035_rotright.jpg,128,128,Drowsy,29,25,108,66
frame679.jpg,128,128,NonDrowsy,8,25,89,60
c0030.jpg,128,128,NonDrowsy,19,28,103,63
W0057.jpg,128,128,NonDrowsy,14,29,120,71
frame23_rotleft.jpg,128,128,NonDrowsy,5,26,110,73
frame2891.jpg,128,128,Drowsy,14,29,119,62
zb0489_rotleft.jpg,128,128,Drowsy,15,27,96,72
frame760.jpg,128,128,NonDrowsy,2,27,91,63
H0451_rotright.jpg,128,128,Drowsy,34,27,100,66
E0788.jpg,128,128,Drowsy,25,28,105,65
I0002_rotright.jpg,128,128,Drowsy,22,32,112,73
K0014.jpg,128,128,Drowsy,26,37,103,65
ZA1006_rotright.jpg,128,128,NonDrowsy,23,31,122,76
F0097_rotleft.jpg,128,128,Drowsy,24,28,95,71
Y0633_rotright.jpg,128,128,Drowsy,22,34,108,65
G0025_rotright.jpg,128,128,Drowsy,22,30,119,69
frame1976.jpg,128,128,NonDrowsy,20,25,126,61
frame355.jpg,128,128,NonDrowsy,11,28,119,65
m0294_rotleft.jpg,128,128,NonDrowsy,19,26,106,73
m0107_rotleft.jpg,128,128,NonDrowsy,19,33,105,71
X0235.jpg,128,128,NonDrowsy,12,34,115,68
J0286.jpg,128,128,Drowsy,17,33,109,69
I0063_rotright.jpg,128,128,Drowsy,22,28,119,72
frame390.jpg,128,128,Drowsy,17,22,113,53
frame2150.jpg,128,128,Drowsy,21,35,120,67
I0029.jpg,128,128,Drowsy,16,29,119,68
H0015_rotright.jpg,128,128,Drowsy,33,26,104,65
d0013_rotleft.jpg,128,128,NonDrowsy,21,32,100,75
k0001.jpg,128,128,NonDrowsy,27,37,103,65
frame1644_rotleft.jpg,128,128,Drowsy,9,28,93,75
Y0615_rotleft.jpg,128,128,Drowsy,21,35,106,70
frame825.jpg,128,128,Drowsy,21,31,122,65
m0159_rotleft.jpg,128,128,NonDrowsy,16,31,102,72
frame645.jpg,128,128,Drowsy,0,34,92,66
n0381_rotleft.jpg,128,128,NonDrowsy,23,26,109,73
I0825.jpg,128,128,Drowsy,18,35,118,71
L0486_rotright.jpg,128,128,Drowsy,33,33,102,73
M0173.jpg,128,128,NonDrowsy,14,27,115,66
T0672 - Copy_rotright.jpg,128,128,Drowsy,21,33,114,76
frame220_rotleft.jpg,128,128,NonDrowsy,12,23,110,71
frame3064.jpg,128,128,Drowsy,26,36,122,71
R0039.jpg,128,128,NonDrowsy,21,33,101,71
frame2799_rotleft.jpg,128,128,NonDrowsy,26,21,113,64
H0145_rotleft.jpg,128,128,Drowsy,26,28,93,67
frame2346.jpg,128,128,NonDrowsy,7,25,121,69
frame2288.jpg,128,128,Drowsy,12,32,113,65
frame135_rotright.jpg,128,128,Drowsy,33,15,125,57
w0029_rotright.jpg,128,128,NonDrowsy,30,26,95,67
frame881_rotleft.jpg,128,128,NonDrowsy,14,30,116,66
H0152.jpg,128,128,Drowsy,26,33,100,63
S0486_rotright.jpg,128,128,Drowsy,20,30,111,70
G0348_rotright.jpg,128,128,Drowsy,18,32,119,69
ZA0779_rotleft.jpg,128,128,Drowsy,15,23,109,76
frame92_rotleft.jpg,128,128,NonDrowsy,14,28,104,68
frame311.jpg,128,128,NonDrowsy,4,22,116,64
C0147_rotleft.jpg,128,128,NonDrowsy,24,19,97,78
frame443_rotleft.jpg,128,128,Drowsy,13,34,114,65
M0034_rotleft.jpg,128,128,NonDrowsy,14,20,112,72
s0022.jpg,128,128,NonDrowsy,22,32,111,65
r0140_rotleft.jpg,128,128,NonDrowsy,29,38,96,73
o0417.jpg,128,128,NonDrowsy,26,28,105,62
frame1689.jpg,128,128,Drowsy,13,33,113,68
frame684.jpg,128,128,Drowsy,19,29,117,62
P0379_rotleft.jpg,128,128,Drowsy,17,34,111,70
L0112_rotleft.jpg,128,128,Drowsy,26,30,95,70
k0204.jpg,128,128,NonDrowsy,26,35,99,67
M0396.jpg,128,128,Drowsy,21,29,112,64
M0168_rotleft.jpg,128,128,NonDrowsy,15,22,109,75
frame2625.jpg,128,128,NonDrowsy,19,26,123,68
H0458.jpg,128,128,Drowsy,30,32,100,68
S0488_rotright.jpg,128,128,Drowsy,20,29,113,70
e0587_rotleft.jpg,128,128,Drowsy,25,24,95,71
M0012.jpg,128,128,Drowsy,19,35,114,69
g0023.jpg,128,128,NonDrowsy,24,30,106,68
c0280_rotleft.jpg,128,128,NonDrowsy,21,18,103,66
zc0309_rotright.jpg,128,128,NonDrowsy,31,29,107,70
H0120_rotleft.jpg,128,128,Drowsy,27,33,94,70
frame2990_rotleft.jpg,128,128,NonDrowsy,20,20,113,65
E0178.jpg,128,128,Drowsy,26,28,102,61
r0013_rotleft.jpg,128,128,NonDrowsy,23,26,95,75
r0026_rotright.jpg,128,128,NonDrowsy,28,37,102,70
T0672_rotleft.jpg,128,128,Drowsy,14,33,109,74
ZA0981_rotleft.jpg,128,128,NonDrowsy,18,25,112,71
frame1265_rotright.jpg,128,128,Drowsy,27,31,121,67
frame313_rotright.jpg,128,128,NonDrowsy,26,27,118,70
k0404.jpg,128,128,NonDrowsy,25,35,104,65
A0032.jpg,128,128,Drowsy,23,27,107,66
frame737_rotright.jpg,128,128,NonDrowsy,16,22,113,67
i0461_rotleft.jpg,128,128,Drowsy,14,31,105,71
i0895_rotright.jpg,128,128,Drowsy,16,21,114,70
frame2924_rotleft.jpg,128,128,NonDrowsy,17,25,109,66
H0021_rotleft.jpg,128,128,Drowsy,20,39,99,70
ZB1107_rotleft.jpg,128,128,NonDrowsy,21,25,97,72
frame390_1.jpg,128,128,NonDrowsy,16,26,121,64
e0666_rotleft.jpg,128,128,Drowsy,30,32,93,70
frame561_rotleft.jpg,128,128,NonDrowsy,5,33,97,73
g0010_rotleft.jpg,128,128,NonDrowsy,21,26,92,73
frame889.jpg,128,128,Drowsy,9,28,118,68
ZA0298.jpg,128,128,NonDrowsy,19,28,121,69
frame1713_rotright.jpg,128,128,Drowsy,6,36,92,68
frame1687_rotleft.jpg,128,128,NonDrowsy,9,27,110,73
n0765.jpg,128,128,NonDrowsy,18,32,112,64
frame358_rotright.jpg,128,128,NonDrowsy,48,24,124,76
W0399_rotleft.jpg,128,128,Drowsy,22,33,111,70
frame25_rotright.jpg,128,128,Drowsy,19,24,119,71
Q0592_rotright.jpg,128,128,Drowsy,26,29,105,65
P0257.jpg,128,128,Drowsy,20,37,115,68
frame402.jpg,128,128,NonDrowsy,6,28,86,69
frame566_rotright_1.jpg,128,128,NonDrowsy,11,26,94,59
H0152_rotright.jpg,128,128,Drowsy,34,30,103,66
frame132_rotright.jpg,128,128,NonDrowsy,25,24,118,70
v0476_rotright.jpg,128,128,NonDrowsy,19,25,103,66
frame1089.jpg,128,128,Drowsy,17,27,115,63
frame430.jpg,128,128,NonDrowsy,5,23,86,62
frame2690.jpg,128,128,Drowsy,13,36,123,67
D0054_rotright.jpg,128,128,NonDrowsy,20,25,110,73
F0332_rotright.jpg,128,128,Drowsy,27,28,104,67
I0103_rotleft.jpg,128,128,NonDrowsy,13,23,115,75
frame2968_rotright.jpg,128,128,Drowsy,22,29,120,68
frame615.jpg,128,128,NonDrowsy,12,29,120,64
F0085.jpg,128,128,NonDrowsy,23,26,101,64
K0357_rotleft.jpg,128,128,Drowsy,27,33,94,70
I0071_rotleft.jpg,128,128,Drowsy,21,31,115,71
i0003.jpg,128,128,Drowsy,11,29,109,67
O0172_rotleft.jpg,128,128,Drowsy,23,22,97,72
frame959_rotright.jpg,128,128,NonDrowsy,8,28,99,62
n0258.jpg,128,128,Drowsy,17,37,117,68
w0009_rotleft.jpg,128,128,NonDrowsy,28,31,93,71
k0017.jpg,128,128,NonDrowsy,28,29,100,65
G0303.jpg,128,128,NonDrowsy,13,29,117,59
F0365.jpg,128,128,NonDrowsy,24,28,99,65
r0013_rotright.jpg,128,128,NonDrowsy,26,36,101,69
frame3170.jpg,128,128,NonDrowsy,7,33,111,69
B0069.jpg,128,128,Drowsy,18,26,113,69
T0672_rotright.jpg,128,128,Drowsy,22,31,113,76
frame1235.jpg,128,128,Drowsy,27,28,121,71
M0178.jpg,128,128,Drowsy,19,35,111,64
frame343_rotleft.jpg,128,128,Drowsy,14,29,112,69
frame116_rotleft.jpg,128,128,NonDrowsy,6,21,110,72
P0379_rotright.jpg,128,128,Drowsy,24,30,112,77
frame445.jpg,128,128,NonDrowsy,6,30,104,63
w0014_rotleft.jpg,128,128,NonDrowsy,25,32,88,69
c0335_rotright.jpg,128,128,NonDrowsy,19,19,117,71
frame40.jpg,128,128,Drowsy,15,20,110,48
frame469_rotleft.jpg,128,128,Drowsy,10,29,106,74
frame143_rotleft.jpg,128,128,Drowsy,19,32,113,69
frame2948_rotright.jpg,128,128,NonDrowsy,27,32,124,73
T0676_rotleft.jpg,128,128,Drowsy,16,35,113,75
frame2441_rotright.jpg,128,128,NonDrowsy,25,23,124,72
frame3159_rotright.jpg,128,128,NonDrowsy,19,29,110,69
B0033_rotleft.jpg,128,128,NonDrowsy,16,19,106,77
u0056_rotright.jpg,128,128,Drowsy,15,22,106,73
frame54_rotright.jpg,128,128,Drowsy,13,34,115,69
V0090.jpg,128,128,Drowsy,13,36,108,65
frame231_rotright.jpg,128,128,NonDrowsy,35,26,123,78
frame1370_rotleft.jpg,128,128,Drowsy,24,29,111,64
E0363_rotleft.jpg,128,128,Drowsy,28,28,97,68
frame3094.jpg,128,128,Drowsy,2,33,112,70
frame1310_rotleft.jpg,128,128,Drowsy,26,35,115,72
X1501_rotright.jpg,128,128,Drowsy,21,30,114,77
zb0008_rotright.jpg,128,128,Drowsy,25,24,116,67
M0720_rotright.jpg,128,128,NonDrowsy,17,26,118,71
frame1122_rotleft.jpg,128,128,Drowsy,7,29,94,75
frame412_rotleft.jpg,128,128,NonDrowsy,28,26,119,69
frame805_rotleft.jpg,128,128,NonDrowsy,16,27,104,61
v0199.jpg,128,128,NonDrowsy,18,35,115,67
U0084_rotleft.jpg,128,128,NonDrowsy,18,28,104,69
n0296.jpg,128,128,Drowsy,18,35,115,66
frame850.jpg,128,128,Drowsy,38,18,128,58
O0172.jpg,128,128,Drowsy,23,27,105,64
e0364_rotleft.jpg,128,128,Drowsy,24,25,97,66
X0237_rotleft.jpg,128,128,NonDrowsy,11,27,107,75
l0032_rotright.jpg,128,128,NonDrowsy,28,28,105,65
O0035.jpg,128,128,Drowsy,20,30,102,62
frame595_rotleft.jpg,128,128,Drowsy,6,21,97,57
frame2.jpg,128,128,Drowsy,6,30,102,66
frame135.jpg,128,128,Drowsy,25,19,115,52
P0148_rotleft.jpg,128,128,NonDrowsy,18,25,102,80
frame855_rotleft.jpg,128,128,Drowsy,23,23,118,57
frame59_rotright.jpg,128,128,Drowsy,14,35,113,72
T1004_rotright.jpg,128,128,Drowsy,21,30,118,75
d0704_rotleft.jpg,128,128,Drowsy,27,31,100,71
w0579.jpg,128,128,NonDrowsy,21,35,95,66
u0001_rotright.jpg,128,128,NonDrowsy,22,28,107,69
W0050_rotright.jpg,128,128,NonDrowsy,24,26,122,74
b0049_rotright.jpg,128,128,NonDrowsy,21,25,120,69
frame399_rotleft.jpg,128,128,NonDrowsy,3,35,73,77
l0032.jpg,128,128,NonDrowsy,23,32,100,63
c0055.jpg,128,128,NonDrowsy,11,23,118,68
M0168.jpg,128,128,NonDrowsy,16,29,120,68
frame608_rotright.jpg,128,128,NonDrowsy,11,29,108,62
k0016_rotleft.jpg,128,128,NonDrowsy,27,34,91,70
X0235_rotleft.jpg,128,128,NonDrowsy,15,31,110,78
ZA0299_rotright.jpg,128,128,NonDrowsy,20,32,121,71
c0141.jpg,128,128,NonDrowsy,22,24,109,63
j0457_rotleft.jpg,128,128,NonDrowsy,15,32,106,71
F0019.jpg,128,128,NonDrowsy,24,28,100,64
frame1976_rotright.jpg,128,128,NonDrowsy,28,24,128,67
F0019_rotright.jpg,128,128,NonDrowsy,33,24,104,68
w0347_rotleft.jpg,128,128,NonDrowsy,19,39,92,68
s0147.jpg,128,128,NonDrowsy,19,32,113,64
D0051_rotleft.jpg,128,128,NonDrowsy,16,28,100,73
frame344 (2)_rotleft.jpg,128,128,Drowsy,18,41,113,82
H0015_rotleft.jpg,128,128,Drowsy,18,30,98,64
u0479.jpg,128,128,Drowsy,11,24,104,65
frame25.jpg,128,128,Drowsy,9,33,118,69
frame3099_rotright.jpg,128,128,NonDrowsy,21,35,119,72
frame375.jpg,128,128,NonDrowsy,11,32,118,69
e0537_rotright.jpg,128,128,Drowsy,31,31,97,71
m0002_rotright.jpg,128,128,NonDrowsy,23,23,107,73
x0348_rotright.jpg,128,128,NonDrowsy,24,30,106,68
F0199.jpg,128,128,Drowsy,23,32,102,64
I0029_rotleft.jpg,128,128,Drowsy,19,26,112,75
n0013_rotleft.jpg,128,128,Drowsy,21,31,112,71
frame514_rotleft.jpg,128,128,Drowsy,7,36,97,71
frame505_rotleft.jpg,128,128,Drowsy,6,28,103,69
frame2644.jpg,128,128,Drowsy,9,28,120,61
X0237_rotright.jpg,128,128,NonDrowsy,14,23,112,77
frame674.jpg,128,128,NonDrowsy,3,31,98,64
b0039.jpg,128,128,NonDrowsy,13,30,124,66
zc0054.jpg,128,128,Drowsy,22,24,101,63
V0165.jpg,128,128,Drowsy,15,38,109,66
za0014_rotright.jpg,128,128,NonDrowsy,21,37,116,72
N1092_rotright.jpg,128,128,Drowsy,18,27,114,75
P0257_rotright.jpg,128,128,Drowsy,28,30,110,75
frame845_rotleft.jpg,128,128,Drowsy,25,23,122,56
U0265_rotright.jpg,128,128,NonDrowsy,18,27,115,69
frame381_rotleft.jpg,128,128,Drowsy,7,26,93,74
frame2690_rotright.jpg,128,128,Drowsy,25,31,122,73
w0574_rotleft.jpg,128,128,NonDrowsy,29,33,90,74
T1007_rotleft.jpg,128,128,Drowsy,15,31,111,73
frame186_rotleft.jpg,128,128,NonDrowsy,8,26,110,71
i0091.jpg,128,128,NonDrowsy,17,33,107,67
s0162_rotright.jpg,128,128,NonDrowsy,28,30,116,70
g0010.jpg,128,128,NonDrowsy,25,32,99,67
r0024.jpg,128,128,NonDrowsy,22,36,99,66
d0209_rotleft.jpg,128,128,Drowsy,26,32,100,71
J0121_rotleft.jpg,128,128,Drowsy,13,34,106,73
ZB0987.jpg,128,128,NonDrowsy,20,30,105,65
n0799_rotleft.jpg,128,128,Drowsy,20,35,104,75
E0179_rotright.jpg,128,128,Drowsy,35,31,100,64
c0056_rotright.jpg,128,128,NonDrowsy,21,23,102,73
v0560.jpg,128,128,NonDrowsy,18,31,112,65
frame125_rotright.jpg,128,128,Drowsy,27,21,123,66
H0119.jpg,128,128,Drowsy,23,36,101,68
I0825_rotleft.jpg,128,128,Drowsy,20,29,113,74
zb0489.jpg,128,128,Drowsy,17,29,105,67
frame3193_rotleft.jpg,128,128,Drowsy,9,30,104,68
frame612.jpg,128,128,NonDrowsy,2,25,97,68
j0314.jpg,128,128,NonDrowsy,16,35,112,68
r0233.jpg,128,128,NonDrowsy,25,40,101,70
w0574.jpg,128,128,NonDrowsy,24,36,100,66
i0038_rotright.jpg,128,128,Drowsy,19,30,109,68
frame298_rotleft.jpg,128,128,NonDrowsy,14,28,107,77
n0887_rotleft.jpg,128,128,Drowsy,19,29,107,69
K0332_rotright.jpg,128,128,NonDrowsy,31,28,109,68
frame661_rotright.jpg,128,128,NonDrowsy,36,27,123,74
P0143_rotleft.jpg,128,128,NonDrowsy,18,23,105,78
V0508.jpg,128,128,Drowsy,13,35,112,64
frame1781_rotleft.jpg,128,128,NonDrowsy,15,29,112,73
U0417_rotleft.jpg,128,128,Drowsy,9,27,108,73
frame616_rotleft.jpg,128,128,NonDrowsy,30,23,122,59
frame3105.jpg,128,128,NonDrowsy,27,30,120,63
V0004.jpg,128,128,NonDrowsy,11,24,111,67
a0034.jpg,128,128,NonDrowsy,17,28,107,66
frame171_rotleft.jpg,128,128,NonDrowsy,14,28,111,71
N0378_rotright.jpg,128,128,Drowsy,22,22,114,73
q0493_rotleft.jpg,128,128,NonDrowsy,26,28,93,71
x0045_rotleft.jpg,128,128,Drowsy,11,26,106,72
D0043_rotleft.jpg,128,128,Drowsy,19,33,100,73
b0323.jpg,128,128,NonDrowsy,21,25,127,65
zc0209.jpg,128,128,Drowsy,22,27,102,66
frame507_rotleft.jpg,128,128,NonDrowsy,21,22,106,66
frame2145_rotleft.jpg,128,128,Drowsy,17,25,110,67
frame52_rotleft.jpg,128,128,Drowsy,8,34,102,68
X0144_rotleft.jpg,128,128,NonDrowsy,13,23,105,74
J0061_rotleft.jpg,128,128,Drowsy,20,37,108,70
y0322.jpg,128,128,NonDrowsy,24,33,105,64
frame1778.jpg,128,128,NonDrowsy,18,29,125,72
zb0004_rotleft.jpg,128,128,Drowsy,17,23,101,64
b0323_rotright.jpg,128,128,NonDrowsy,25,32,128,69
F0041.jpg,128,128,NonDrowsy,24,29,101,65
G0303_rotright.jpg,128,128,NonDrowsy,23,22,116,68
frame436_rotleft.jpg,128,128,Drowsy,18,31,112,67
U0409_rotright.jpg,128,128,Drowsy,12,27,111,68
frame540_rotright.jpg,128,128,Drowsy,15,32,118,66
i0460.jpg,128,128,Drowsy,16,37,107,70
frame850_rotleft.jpg,128,128,Drowsy,33,21,124,52
ZA0904_rotright.jpg,128,128,Drowsy,19,36,119,73
frame143.jpg,128,128,Drowsy,22,35,121,69
d0857.jpg,128,128,Drowsy,26,33,107,68
frame3121_rotleft.jpg,128,128,NonDrowsy,20,20,114,66
L0112.jpg,128,128,Drowsy,23,32,103,65
frame1310_rotright.jpg,128,128,Drowsy,29,39,124,74
zc0225_rotleft.jpg,128,128,NonDrowsy,20,30,95,67
x0040_rotright.jpg,128,128,Drowsy,14,26,109,70
n0887_rotright.jpg,128,128,Drowsy,22,29,114,69
i0001_rotright.jpg,128,128,NonDrowsy,22,24,112,71
E0348_rotright.jpg,128,128,NonDrowsy,34,30,101,67
p0001_rotright.jpg,128,128,NonDrowsy,26,28,110,72
frame514_rotright.jpg,128,128,Drowsy,16,26,106,67
zb0490_rotleft.jpg,128,128,Drowsy,17,28,97,70
frame970_rotleft.jpg,128,128,Drowsy,24,38,107,79
frame2261.jpg,128,128,NonDrowsy,16,26,118,68
H0451.jpg,128,128,Drowsy,28,35,100,64
frame94_rotleft.jpg,128,128,Drowsy,11,41,111,82
ZA0761_rotleft.jpg,128,128,Drowsy,15,29,116,71
u0056_rotleft.jpg,128,128,Drowsy,10,26,103,67
u0479_rotright.jpg,128,128,Drowsy,17,24,105,68
d0027.jpg,128,128,NonDrowsy,25,31,106,67
a0006.jpg,128,128,NonDrowsy,14,30,105,68
ZB1506.jpg,128,128,NonDrowsy,18,29,108,66
frame35.jpg,128,128,Drowsy,24,19,118,51
frame530.jpg,128,128,Drowsy,9,28,109,59
frame889_rotright.jpg,128,128,Drowsy,17,23,113,70
u0266_rotleft.jpg,128,128,NonDrowsy,16,28,97,71
frame711.jpg,128,128,NonDrowsy,21,29,125,68
g0003_rotright.jpg,128,128,NonDrowsy,33,34,105,69
frame344 (2).jpg,128,128,Drowsy,15,52,116,79
I0067_rotright.jpg,128,128,Drowsy,22,31,121,78
y0218_rotleft.jpg,128,128,NonDrowsy,25,28,98,67
m0007_rotleft.jpg,128,128,NonDrowsy,18,31,105,74
frame2968.jpg,128,128,Drowsy,17,30,114,69
d0013_rotright.jpg,128,128,NonDrowsy,23,33,111,71
W0421_rotleft.jpg,128,128,NonDrowsy,17,20,109,72
frame131_rotright.jpg,128,128,Drowsy,33,33,124,71
frame1290.jpg,128,128,Drowsy,18,38,106,73
v0472_rotleft.jpg,128,128,NonDrowsy,17,34,103,70
T0673_rotleft.jpg,128,128,Drowsy,19,34,114,75
M0249.jpg,128,128,Drowsy,20,30,113,66
H0001.jpg,128,128,Drowsy,26,33,97,68
frame430_rotleft.jpg,128,128,NonDrowsy,1,25,79,73
F0076.jpg,128,128,NonDrowsy,22,26,101,64
T0672 - Copy.jpg,128,128,Drowsy,14,34,116,68
P0975_rotright.jpg,128,128,Drowsy,30,23,116,78
frame97_rotleft.jpg,128,128,NonDrowsy,13,30,102,71
J0157_rotright.jpg,128,128,Drowsy,18,28,108,74
frame870_rotright.jpg,128,128,Drowsy,21,35,128,75
u0006_rotleft.jpg,128,128,NonDrowsy,14,30,94,70
Q0470.jpg,128,128,Drowsy,24,37,99,65
R0048_rotleft.jpg,128,128,NonDrowsy,24,32,96,84
frame766.jpg,128,128,NonDrowsy,3,27,89,60
frame375_rotright.jpg,128,128,NonDrowsy,21,26,116,68
ZB0970_rotleft.jpg,128,128,Drowsy,20,29,100,67
F0332_rotleft.jpg,128,128,Drowsy,24,30,95,70
frame386.jpg,128,128,NonDrowsy,11,31,113,66
H0653_rotleft.jpg,128,128,NonDrowsy,16,28,97,69
frame2948_rotleft.jpg,128,128,NonDrowsy,21,29,108,71
frame309_rotright.jpg,128,128,Drowsy,23,33,118,70
frame3084_rotright.jpg,128,128,Drowsy,25,29,125,72
K0138.jpg,128,128,Drowsy,26,36,99,65
M0764_rotright.jpg,128,128,Drowsy,26,29,113,70
c0044_rotright.jpg,128,128,NonDrowsy,23,28,111,68
frame2261_rotright.jpg,128,128,NonDrowsy,21,24,125,72
V0009_rotleft.jpg,128,128,NonDrowsy,9,24,105,76
frame2874_rotleft.jpg,128,128,NonDrowsy,17,27,105,69
E0179.jpg,128,128,Drowsy,28,31,102,62
u0001.jpg,128,128,NonDrowsy,16,32,107,63
zc0002_rotright.jpg,128,128,Drowsy,28,27,106,67
d0858_rotright.jpg,128,128,Drowsy,29,32,105,71
za0001_rotright.jpg,128,128,NonDrowsy,22,37,115,72
v0475_rotleft.jpg,128,128,NonDrowsy,17,29,96,74
frame675_rotleft.jpg,128,128,NonDrowsy,1,25,85,68
g0003_rotleft.jpg,128,128,NonDrowsy,23,31,94,71
frame617.jpg,128,128,Drowsy,10,38,114,71
c0276_rotleft.jpg,128,128,NonDrowsy,19,20,100,66
k0065_rotleft.jpg,128,128,Drowsy,22,28,95,68
frame22.jpg,128,128,NonDrowsy,9,25,113,67
frame1370.jpg,128,128,Drowsy,24,31,117,62
J0372_rotright.jpg,128,128,Drowsy,23,30,108,74
frame443_rotright.jpg,128,128,Drowsy,26,33,119,74
T0675.jpg,128,128,Drowsy,17,37,115,70
frame358.jpg,128,128,NonDrowsy,27,21,125,66
X0144_rotright.jpg,128,128,NonDrowsy,24,26,116,70
e0666.jpg,128,128,Drowsy,30,35,102,66
frame164_rotleft.jpg,128,128,Drowsy,20,37,116,69
v0475_rotright.jpg,128,128,NonDrowsy,17,28,108,65
p0001_rotleft.jpg,128,128,NonDrowsy,19,29,107,71
frame130_rotright.jpg,128,128,Drowsy,32,32,113,71
q0493_rotright.jpg,128,128,NonDrowsy,31,30,100,66
W0057_rotright.jpg,128,128,NonDrowsy,22,22,118,76
R0092_rotleft.jpg,128,128,Drowsy,19,41,104,67
i0460_rotleft.jpg,128,128,Drowsy,9,33,104,74
a0033.jpg,128,128,NonDrowsy,13,32,106,71
frame1535.jpg,128,128,NonDrowsy,13,26,115,68
frame2644_rotright.jpg,128,128,Drowsy,19,24,123,68
ZC0938_rotleft.jpg,128,128,Drowsy,19,27,95,69
H0456.jpg,128,128,Drowsy,22,36,103,67
S0291.jpg,128,128,Drowsy,17,29,109,68
frame1225_rotright.jpg,128,128,NonDrowsy,17,24,120,65
y0041_rotright.jpg,128,128,NonDrowsy,34,31,108,69
H0046_rotright.jpg,128,128,Drowsy,31,32,106,69
frame157.jpg,128,128,Drowsy,12,31,112,67
frame12_rotright.jpg,128,128,NonDrowsy,20,30,117,70
B0069_rotright.jpg,128,128,Drowsy,20,26,120,68
M0766_rotright.jpg,128,128,Drowsy,29,30,120,70
frame970_rotright.jpg,128,128,Drowsy,25,40,118,74
x1380_rotleft.jpg,128,128,Drowsy,10,28,104,69
Y0440_rotleft.jpg,128,128,NonDrowsy,16,29,107,71
u0194.jpg,128,128,NonDrowsy,18,28,105,66
za0103.jpg,128,128,NonDrowsy,15,34,117,68
q0030.jpg,128,128,NonDrowsy,25,33,103,66
c0231_rotleft.jpg,128,128,NonDrowsy,21,21,103,72
j0007.jpg,128,128,NonDrowsy,16,33,113,67
frame187_rotright.jpg,128,128,NonDrowsy,25,24,117,69
frame2968_rotleft.jpg,128,128,Drowsy,19,25,107,73
frame381_rotright.jpg,128,128,Drowsy,12,31,109,63
U0415_rotleft.jpg,128,128,Drowsy,7,28,113,74
frame2779.jpg,128,128,NonDrowsy,18,32,112,64
N0377_rotright.jpg,128,128,Drowsy,21,23,111,70
W0248_rotright.jpg,128,128,Drowsy,25,35,111,76
N0320_rotright.jpg,128,128,NonDrowsy,14,22,112,71
frame789_rotleft.jpg,128,128,Drowsy,17,30,115,67
u0266.jpg,128,128,NonDrowsy,13,29,104,67
frame2775_rotright.jpg,128,128,NonDrowsy,18,29,117,69
frame2780.jpg,128,128,NonDrowsy,9,26,108,64
frame8_rotright.jpg,128,128,NonDrowsy,12,29,106,69
O0034_rotright.jpg,128,128,Drowsy,26,26,107,62
v0474_rotright.jpg,128,128,NonDrowsy,17,29,109,66
I0284_rotright.jpg,128,128,NonDrowsy,21,29,115,73
frame1340_rotleft.jpg,128,128,NonDrowsy,1,30,88,76
Y0642_rotleft.jpg,128,128,Drowsy,24,27,103,71
C0137_rotleft.jpg,128,128,NonDrowsy,25,25,95,73
n0381.jpg,128,128,NonDrowsy,18,36,115,65
frame54_rotleft.jpg,128,128,Drowsy,8,32,110,76
frame2711.jpg,128,128,NonDrowsy,9,25,100,70
frame759_rotright.jpg,128,128,Drowsy,21,35,123,76
i0038_rotleft.jpg,128,128,Drowsy,15,30,100,74
n0343.jpg,128,128,NonDrowsy,22,32,123,67
frame69_rotleft.jpg,128,128,Drowsy,10,38,106,78
frame1781.jpg,128,128,NonDrowsy,18,30,121,74
I0306.jpg,128,128,Drowsy,16,41,115,72
ZA0899_rotleft.jpg,128,128,Drowsy,14,29,118,72
ZA0981_rotright.jpg,128,128,NonDrowsy,24,34,119,74
frame120_rotleft.jpg,128,128,Drowsy,18,23,110,64
zc0002_rotleft.jpg,128,128,Drowsy,21,26,93,69
frame385.jpg,128,128,Drowsy,16,38,119,76
U0346_rotleft.jpg,128,128,Drowsy,15,23,100,78
Y1213_rotleft.jpg,128,128,Drowsy,18,32,106,72
n0013_rotright.jpg,128,128,Drowsy,25,34,118,69
k0040_rotleft.jpg,128,128,Drowsy,26,33,93,69
V0508_rotright.jpg,128,128,Drowsy,19,28,112,71
b0238.jpg,128,128,Drowsy,22,27,125,65
j0260_rotright.jpg,128,128,NonDrowsy,26,31,111,71
frame167.jpg,128,128,NonDrowsy,12,31,119,68
frame769_rotleft.jpg,128,128,Drowsy,3,33,81,74
frame415.jpg,128,128,NonDrowsy,29,27,127,65
n0799_rotright.jpg,128,128,Drowsy,21,35,111,67
u0222.jpg,128,128,NonDrowsy,14,26,104,67
H0456_rotright.jpg,128,128,Drowsy,29,28,104,69
frame1370_rotright.jpg,128,128,Drowsy,33,31,122,67
s0006_rotleft.jpg,128,128,NonDrowsy,19,24,105,71
frame561_rotright.jpg,128,128,NonDrowsy,15,27,113,68
h0054_rotright.jpg,128,128,Drowsy,28,29,110,70
frame2890_rotright.jpg,128,128,NonDrowsy,16,25,117,66
frame2719_rotleft.jpg,128,128,Drowsy,18,24,111,64
H0458_rotright.jpg,128,128,Drowsy,34,29,99,74
d0704_rotright.jpg,128,128,Drowsy,30,32,105,69
r0015_rotright.jpg,128,128,NonDrowsy,23,34,102,69
n0769.jpg,128,128,NonDrowsy,15,34,114,69
y0028_rotright.jpg,128,128,NonDrowsy,34,31,109,71
b0238_rotright.jpg,128,128,Drowsy,25,24,126,65
O0165.jpg,128,128,Drowsy,24,33,102,65
M0396_rotleft.jpg,128,128,Drowsy,20,26,110,71
E0789_rotleft.jpg,128,128,Drowsy,26,25,101,65
frame684_rotright.jpg,128,128,Drowsy,27,25,122,62
frame31_rotleft.jpg,128,128,Drowsy,6,20,102,53
frame1717_rotright.jpg,128,128,Drowsy,18,35,118,67
zc0209_rotright.jpg,128,128,Drowsy,30,26,105,67
k0146_rotright.jpg,128,128,Drowsy,31,31,103,66
A0250_rotleft.jpg,128,128,Drowsy,22,31,97,69
d0503_rotleft.jpg,128,128,NonDrowsy,15,37,101,76
h0043_rotleft.jpg,128,128,Drowsy,18,32,103,73
frame275_rotright.jpg,128,128,Drowsy,22,28,123,64
frame1023_rotright.jpg,128,128,Drowsy,19,29,114,68
frame220_rotright.jpg,128,128,NonDrowsy,20,27,121,70
n0799.jpg,128,128,Drowsy,17,37,108,65
ZA0774_rotleft.jpg,128,128,Drowsy,15,34,114,71
F0077_rotright.jpg,128,128,Drowsy,29,25,104,67
frame2_rotleft.jpg,128,128,Drowsy,7,25,90,75
frame571_rotleft.jpg,128,128,NonDrowsy,5,34,74,67
frame297.jpg,128,128,NonDrowsy,14,33,117,73
frame2743_rotleft.jpg,128,128,Drowsy,13,31,109,75
k0015.jpg,128,128,Drowsy,26,33,103,64
u0056.jpg,128,128,Drowsy,12,26,107,68
frame386_rotright.jpg,128,128,NonDrowsy,18,25,114,69
frame604.jpg,128,128,Drowsy,15,34,119,71
Q0584.jpg,128,128,Drowsy,23,36,101,63
B0273_rotleft.jpg,128,128,Drowsy,19,29,109,78
frame1075_rotright.jpg,128,128,Drowsy,35,27,122,65
E0178_rotright.jpg,128,128,Drowsy,35,25,107,65
v0199_rotleft.jpg,128,128,NonDrowsy,23,32,107,75
X0324_rotright.jpg,128,128,Drowsy,22,28,115,71
frame464.jpg,128,128,Drowsy,10,33,110,69
frame305.jpg,128,128,NonDrowsy,12,29,116,68
frame357_rotleft.jpg,128,128,NonDrowsy,11,31,100,72
X1501.jpg,128,128,Drowsy,17,36,113,66
frame2 (2)_1.jpg,128,128,NonDrowsy,23,26,124,66
y0028_rotleft.jpg,128,128,NonDrowsy,28,35,104,65
L0326_rotright.jpg,128,128,Drowsy,31,29,103,71
frame2035.jpg,128,128,Drowsy,30,24,120,63
W0683.jpg,128,128,NonDrowsy,14,26,120,67
I0306_rotleft.jpg,128,128,Drowsy,22,27,108,75
frame187_rotleft.jpg,128,128,NonDrowsy,13,27,108,69
a0020_rotleft.jpg,128,128,Drowsy,17,27,101,70
w0014_rotright.jpg,128,128,NonDrowsy,27,24,92,68
N0320.jpg,128,128,NonDrowsy,6,29,108,66
ZA0761_rotright.jpg,128,128,Drowsy,19,29,119,75
frame2598.jpg,128,128,NonDrowsy,26,30,125,70
frame2924_rotright.jpg,128,128,NonDrowsy,22,23,124,66
frame838_rotright.jpg,128,128,NonDrowsy,22,28,119,72
I0009_rotleft.jpg,128,128,Drowsy,16,32,109,75
za0929.jpg,128,128,NonDrowsy,16,36,116,66
frame632.jpg,128,128,NonDrowsy,10,26,116,62
frame628.jpg,128,128,Drowsy,17,32,118,72
J0372_rotleft.jpg,128,128,Drowsy,15,36,105,72
n0013.jpg,128,128,Drowsy,18,37,117,67
frame69.jpg,128,128,Drowsy,11,36,112,73
frame1129.jpg,128,128,Drowsy,4,37,112,74
ZB1605.jpg,128,128,Drowsy,18,34,109,64
J0171.jpg,128,128,Drowsy,18,38,111,65
N0074_rotleft.jpg,128,128,Drowsy,17,35,110,71
frame925_rotright.jpg,128,128,Drowsy,28,32,118,68
v0014_rotright.jpg,128,128,NonDrowsy,18,32,105,73
w0024.jpg,128,128,NonDrowsy,25,28,95,64
frame98_rotright.jpg,128,128,Drowsy,15,25,123,60
E0342_rotright.jpg,128,128,NonDrowsy,37,29,107,67
B0081_rotleft.jpg,128,128,Drowsy,14,31,108,77
zb0666.jpg,128,128,NonDrowsy,25,30,103,65
Y0640.jpg,128,128,Drowsy,25,31,105,66
d0857_rotleft.jpg,128,128,Drowsy,26,28,96,71
p0001.jpg,128,128,NonDrowsy,20,28,111,66
r0024_rotright.jpg,128,128,NonDrowsy,24,36,99,72
a0005.jpg,128,128,NonDrowsy,20,27,107,66
frame566.jpg,128,128,Drowsy,17,39,122,71
frame2150_rotleft.jpg,128,128,Drowsy,18,26,109,68
L0092.jpg,128,128,Drowsy,25,32,103,65
frame959.jpg,128,128,NonDrowsy,6,28,83,67
frame283.jpg,128,128,NonDrowsy,12,29,117,66
za0014_rotleft.jpg,128,128,NonDrowsy,18,33,108,72
frame97_rotright.jpg,128,128,NonDrowsy,22,27,117,68
frame192_rotright.jpg,128,128,NonDrowsy,21,20,120,68
frame875_rotright.jpg,128,128,Drowsy,21,25,114,65
T1004_rotleft.jpg,128,128,Drowsy,17,33,109,71
frame546.jpg,128,128,Drowsy,29,29,122,64
za0103_rotright.jpg,128,128,NonDrowsy,21,33,115,73
c0217.jpg,128,128,Drowsy,30,31,104,64
s0022_rotleft.jpg,128,128,NonDrowsy,23,27,106,69
zc0209_rotleft.jpg,128,128,Drowsy,18,26,99,67
q0138_rotleft.jpg,128,128,Drowsy,20,27,97,67
X0144.jpg,128,128,NonDrowsy,18,28,112,66
q0105.jpg,128,128,NonDrowsy,22,33,101,65
a0143_rotright.jpg,128,128,NonDrowsy,19,26,103,71
w0574_rotright.jpg,128,128,NonDrowsy,31,32,100,65
H0665_rotright.jpg,128,128,NonDrowsy,32,25,104,73
w0008_rotright.jpg,128,128,NonDrowsy,31,29,100,66
frame0.jpg,128,128,NonDrowsy,11,22,119,63
I0520_rotleft.jpg,128,128,Drowsy,18,27,113,75
frame1_rotright.jpg,128,128,NonDrowsy,24,26,127,70
frame546_rotright.jpg,128,128,Drowsy,36,29,125,69
w0564.jpg,128,128,NonDrowsy,24,31,97,69
frame31_rotright.jpg,128,128,Drowsy,26,20,119,53
frame4 (2)_rotleft.jpg,128,128,NonDrowsy,8,29,107,67
frame355_rotleft.jpg,128,128,NonDrowsy,9,32,103,68
n0640_rotleft.jpg,128,128,NonDrowsy,22,27,107,71
H0145_rotright.jpg,128,128,Drowsy,32,27,105,67
za0929_rotleft.jpg,128,128,NonDrowsy,16,31,107,72
M0085_rotleft.jpg,128,128,Drowsy,24,27,116,62
H0152_rotleft.jpg,128,128,Drowsy,24,31,93,68
Y0461.jpg,128,128,NonDrowsy,19,28,114,67
Y0454_rotleft.jpg,128,128,NonDrowsy,15,22,107,68
frame1521_rotright.jpg,128,128,NonDrowsy,19,22,122,70
ZA0904_rotleft.jpg,128,128,Drowsy,15,34,114,71
a0682.jpg,128,128,Drowsy,14,33,108,67
frame1938_rotright.jpg,128,128,NonDrowsy,6,26,94,63
g0111.jpg,128,128,NonDrowsy,24,33,101,69
n0640.jpg,128,128,NonDrowsy,18,35,119,67
Q0592_rotleft.jpg,128,128,Drowsy,21,30,96,69
n0887.jpg,128,128,Drowsy,13,33,114,64
frame186.jpg,128,128,NonDrowsy,14,27,122,67
frame805_rotright.jpg,128,128,NonDrowsy,22,19,123,70
v0473.jpg,128,128,NonDrowsy,12,31,108,66
T0673 - Copy_rotright.jpg,128,128,Drowsy,21,31,115,77
M0034_rotright.jpg,128,128,NonDrowsy,25,24,121,75
frame787_rotleft.jpg,128,128,NonDrowsy,18,28,103,72
frame321_rotright.jpg,128,128,Drowsy,29,28,118,70
w0564_rotright.jpg,128,128,NonDrowsy,31,29,95,68
ZC1214_rotright.jpg,128,128,Drowsy,28,26,103,67
s0011_rotright.jpg,128,128,NonDrowsy,25,27,114,71
frame2780_rotright.jpg,128,128,NonDrowsy,20,27,114,65
M0247_rotleft.jpg,128,128,Drowsy,19,23,102,70
frame1340.jpg,128,128,NonDrowsy,4,28,102,68
X1474_rotright.jpg,128,128,NonDrowsy,21,26,117,77
n0381_rotright.jpg,128,128,NonDrowsy,21,31,115,70
frame546_1.jpg,128,128,NonDrowsy,21,33,120,70
frame2874.jpg,128,128,NonDrowsy,18,28,119,68
c0217_rotleft.jpg,128,128,Drowsy,28,28,99,66
v0199_rotright.jpg,128,128,NonDrowsy,21,36,115,71
frame4_rotright.jpg,128,128,NonDrowsy,22,22,111,75
U0346_rotright.jpg,128,128,Drowsy,16,32,109,66
frame305_rotright.jpg,128,128,NonDrowsy,22,24,116,66
frame237.jpg,128,128,NonDrowsy,13,27,123,66
I0071_rotright.jpg,128,128,Drowsy,20,30,120,74
b0049.jpg,128,128,NonDrowsy,12,25,117,68
frame575_rotright.jpg,128,128,NonDrowsy,26,29,112,74
T0033_rotright.jpg,128,128,NonDrowsy,21,28,111,78
y0036_rotright.jpg,128,128,NonDrowsy,30,30,106,68
d0857_rotright.jpg,128,128,Drowsy,31,32,109,70
frame2799.jpg,128,128,NonDrowsy,29,26,122,62
J0287.jpg,128,128,Drowsy,12,30,113,68
n0296_rotright.jpg,128,128,Drowsy,21,32,118,68
ZB1605_rotright.jpg,128,128,Drowsy,23,31,111,66
n0343_rotleft.jpg,128,128,NonDrowsy,19,19,118,74
frame412_rotright.jpg,128,128,NonDrowsy,37,33,126,78
J0375_rotright.jpg,128,128,Drowsy,22,32,110,72
M0769_rotright.jpg,128,128,Drowsy,27,28,115,67
frame169_rotleft.jpg,128,128,Drowsy,25,38,112,76
Q0584_rotleft.jpg,128,128,Drowsy,22,29,98,68
I0001_rotright.jpg,128,128,Drowsy,20,32,112,73
K0002_rotleft.jpg,128,128,Drowsy,29,30,91,66
frame275.jpg,128,128,Drowsy,13,31,120,63
Y0440.jpg,128,128,NonDrowsy,18,30,109,69
frame2346_rotright.jpg,128,128,NonDrowsy,17,26,124,69
frame1938_rotleft.jpg,128,128,NonDrowsy,4,35,72,83
frame2 (2)_rotright_1.jpg,128,128,NonDrowsy,27,24,126,73
w0364_rotleft.jpg,128,128,NonDrowsy,18,35,89,69
n0812_rotright.jpg,128,128,Drowsy,24,32,109,68
frame1650.jpg,128,128,NonDrowsy,10,27,123,67
frame2598_rotleft.jpg,128,128,NonDrowsy,20,26,114,67
frame2_rotright.jpg,128,128,Drowsy,11,28,112,64
d0027_rotleft.jpg,128,128,NonDrowsy,26,27,100,74
s0001_rotright.jpg,128,128,NonDrowsy,25,31,113,71
c0217_rotright.jpg,128,128,Drowsy,37,28,106,69
A0032_rotleft.jpg,128,128,Drowsy,19,30,100,69
m0159.jpg,128,128,NonDrowsy,18,31,107,66
frame1122_rotright.jpg,128,128,Drowsy,14,29,98,66
frame1340_rotright.jpg,128,128,NonDrowsy,10,26,105,66
H0627_rotright.jpg,128,128,NonDrowsy,34,29,104,70
v0476.jpg,128,128,NonDrowsy,11,35,105,62
a0034_rotleft.jpg,128,128,NonDrowsy,14,27,101,74
frame3100.jpg,128,128,NonDrowsy,22,29,122,65
m0426.jpg,128,128,Drowsy,21,33,98,63
w0055.jpg,128,128,NonDrowsy,22,33,94,68
frame132.jpg,128,128,NonDrowsy,16,25,118,68
frame612_rotleft.jpg,128,128,NonDrowsy,5,29,83,80
e0324.jpg,128,128,Drowsy,24,30,100,66
frame1075_rotleft.jpg,128,128,Drowsy,21,26,109,64
F0076_rotleft.jpg,128,128,NonDrowsy,23,23,92,72
N0234_rotright.jpg,128,128,Drowsy,21,24,111,79
c0396.jpg,128,128,Drowsy,22,29,103,67
X1189_rotleft.jpg,128,128,NonDrowsy,12,29,113,79
ZB0997_rotright.jpg,128,128,NonDrowsy,28,30,112,70
frame1235_rotleft.jpg,128,128,Drowsy,25,33,118,67
G0308_rotright.jpg,128,128,NonDrowsy,22,27,123,72
frame2649_rotright.jpg,128,128,NonDrowsy,25,23,121,67
frame604_rotleft.jpg,128,128,Drowsy,12,28,111,73
I0103_rotright.jpg,128,128,NonDrowsy,22,24,117,74
W0079.jpg,128,128,NonDrowsy,14,28,120,70
W0421_rotright.jpg,128,128,NonDrowsy,25,22,118,73
r0001_rotright.jpg,128,128,NonDrowsy,28,32,101,70
ZC0001_rotleft.jpg,128,128,NonDrowsy,16,28,89,72
frame756_rotright.jpg,128,128,NonDrowsy,16,26,106,64
b0029_rotleft.jpg,128,128,NonDrowsy,13,27,113,74
frame1650_rotright.jpg,128,128,NonDrowsy,23,22,122,70
P0148_rotright.jpg,128,128,NonDrowsy,22,27,116,73
w0579_rotright.jpg,128,128,NonDrowsy,27,29,95,68
y0225.jpg,128,128,NonDrowsy,23,30,108,62
frame1430.jpg,128,128,NonDrowsy,46,25,120,65
frame89_rotright.jpg,128,128,Drowsy,14,44,114,81
frame2145_rotright.jpg,128,128,Drowsy,25,28,120,64
e0170.jpg,128,128,NonDrowsy,24,27,96,65
frame293_rotright.jpg,128,128,NonDrowsy,20,30,118,70
frame231.jpg,128,128,NonDrowsy,25,23,125,68
w0201_rotright.jpg,128,128,Drowsy,22,22,90,68
frame925_rotleft.jpg,128,128,Drowsy,18,30,108,72
Y0615.jpg,128,128,Drowsy,19,37,107,67
frame1778_rotright.jpg,128,128,NonDrowsy,22,29,124,76
w0036.jpg,128,128,NonDrowsy,24,25,95,66
frame255_rotright.jpg,128,128,NonDrowsy,28,32,120,74
frame402_rotleft.jpg,128,128,NonDrowsy,8,33,86,77
H0120_rotright.jpg,128,128,Drowsy,32,32,102,71
frame825_rotleft.jpg,128,128,Drowsy,12,28,117,63
Y1231_rotright.jpg,128,128,Drowsy,23,26,112,70
frame3079_rotright.jpg,128,128,Drowsy,26,35,124,74
ZB1256_rotleft.jpg,128,128,NonDrowsy,16,25,98,71
frame3170_rotleft.jpg,128,128,NonDrowsy,8,27,97,73
frame860_rotleft.jpg,128,128,Drowsy,35,26,119,62
K0014_rotright.jpg,128,128,Drowsy,33,31,101,65
P0822_rotright.jpg,128,128,Drowsy,30,24,111,79
frame3094_rotright.jpg,128,128,Drowsy,11,28,111,68
Q0470_rotleft.jpg,128,128,Drowsy,20,32,99,68
w0029.jpg,128,128,NonDrowsy,24,29,93,64
frame849_rotright.jpg,128,128,Drowsy,22,31,123,70
ZB1256_rotright.jpg,128,128,NonDrowsy,25,30,108,74
frame566_rotleft.jpg,128,128,Drowsy,16,33,113,73
c0276.jpg,128,128,NonDrowsy,20,26,107,65
frame366.jpg,128,128,NonDrowsy,9,29,115,71
l0027_rotleft.jpg,128,128,NonDrowsy,22,29,93,71
frame2183_rotright.jpg,128,128,Drowsy,18,30,114,61
frame25_1.jpg,128,128,NonDrowsy,15,20,114,65
V0090_rotleft.jpg,128,128,Drowsy,13,37,104,73
frame1959_rotright.jpg,128,128,Drowsy,37,36,118,74
frame311_rotleft.jpg,128,128,NonDrowsy,3,26,103,71
K0001_rotright.jpg,128,128,Drowsy,35,34,101,65
n0105_rotleft.jpg,128,128,NonDrowsy,23,31,106,71
frame980_rotright.jpg,128,128,NonDrowsy,36,26,123,70
s0013_rotleft.jpg,128,128,NonDrowsy,20,27,104,68
frame2799_rotright.jpg,128,128,NonDrowsy,38,25,127,68
P0058.jpg,128,128,Drowsy,19,31,113,68
v0472_rotright.jpg,128,128,NonDrowsy,22,31,108,68
S0291_rotleft.jpg,128,128,Drowsy,17,29,102,79
frame1976_rotleft.jpg,128,128,NonDrowsy,18,17,111,66
P0822_rotleft.jpg,128,128,Drowsy,18,36,111,68
a0138.jpg,128,128,NonDrowsy,10,28,111,65
s0027_rotright.jpg,128,128,Drowsy,24,25,112,69
ZC0001.jpg,128,128,NonDrowsy,22,28,101,64
frame6_rotleft.jpg,128,128,NonDrowsy,4,27,106,70
n0812_rotleft.jpg,128,128,Drowsy,23,30,104,67
T0033.jpg,128,128,NonDrowsy,13,32,118,68
G0024_rotleft.jpg,128,128,Drowsy,15,26,108,73
frame836_rotright.jpg,128,128,NonDrowsy,19,24,125,70
v0471_rotright.jpg,128,128,Drowsy,16,24,112,74
U0414.jpg,128,128,Drowsy,6,34,115,68
P0058_rotleft.jpg,128,128,Drowsy,18,23,105,78
r0001.jpg,128,128,NonDrowsy,23,36,97,68
frame1689_rotleft.jpg,128,128,Drowsy,14,36,111,74
r0245_rotright.jpg,128,128,NonDrowsy,28,35,99,72
frame2114_rotleft.jpg,128,128,Drowsy,13,36,112,64
h0043.jpg,128,128,Drowsy,19,34,109,68
frame321.jpg,128,128,Drowsy,21,33,119,63
N0378_rotleft.jpg,128,128,Drowsy,13,23,109,67
v0475.jpg,128,128,NonDrowsy,15,33,103,65
frame789_rotright.jpg,128,128,Drowsy,27,30,125,70
G0303_rotleft.jpg,128,128,NonDrowsy,13,23,107,67
T0673_rotright.jpg,128,128,Drowsy,22,33,115,77
frame2514.jpg,128,128,Drowsy,14,34,126,70
v0014_rotleft.jpg,128,128,NonDrowsy,14,36,104,71
frame692_rotright.jpg,128,128,Drowsy,27,27,119,65
frame571.jpg,128,128,NonDrowsy,0,32,80,63
K0002.jpg,128,128,Drowsy,26,37,100,63
I0520_rotright.jpg,128,128,Drowsy,19,28,117,77
c0335.jpg,128,128,NonDrowsy,13,18,120,65
frame120.jpg,128,128,Drowsy,16,23,121,63
ZC0002_rotright.jpg,128,128,NonDrowsy,28,30,105,70
l0077_rotright.jpg,128,128,Drowsy,28,33,100,67
frame825_rotright.jpg,128,128,Drowsy,27,27,126,68
d0013.jpg,128,128,NonDrowsy,18,29,110,67
frame496.jpg,128,128,NonDrowsy,21,23,73,63
r0168.jpg,128,128,NonDrowsy,25,36,101,66
E0178_rotleft.jpg,128,128,Drowsy,25,22,92,67
frame1900_rotleft.jpg,128,128,Drowsy,17,27,111,68
ZB0997_rotleft.jpg,128,128,NonDrowsy,19,26,101,71
V0004_rotright.jpg,128,128,NonDrowsy,16,23,116,74
k0213.jpg,128,128,NonDrowsy,27,32,103,64
R0044_rotright.jpg,128,128,NonDrowsy,23,29,105,71
frame760_rotright.jpg,128,128,NonDrowsy,16,25,99,64
L0285_rotleft.jpg,128,128,Drowsy,27,26,96,69
frame836_rotleft.jpg,128,128,NonDrowsy,7,26,105,73
w0024_rotright.jpg,128,128,NonDrowsy,29,30,94,68
ZB1270.jpg,128,128,Drowsy,19,40,109,72
H0653_rotright.jpg,128,128,NonDrowsy,31,25,106,72
o0418.jpg,128,128,NonDrowsy,25,27,98,66
frame881_rotright.jpg,128,128,NonDrowsy,29,26,122,71
c0321_rotleft.jpg,128,128,Drowsy,13,27,107,64
b0029.jpg,128,128,NonDrowsy,13,25,117,68
F0365_rotright.jpg,128,128,NonDrowsy,29,24,103,68
frame367_rotleft.jpg,128,128,NonDrowsy,11,28,109,69
Y1231_rotleft.jpg,128,128,Drowsy,17,25,101,73
J0372.jpg,128,128,Drowsy,16,35,107,68
frame2880_rotleft.jpg,128,128,NonDrowsy,15,32,107,72
frame610_rotleft.jpg,128,128,Drowsy,10,25,109,66
frame77_rotright.jpg,128,128,NonDrowsy,34,24,121,73
h0426.jpg,128,128,Drowsy,21,33,108,65
T1007.jpg,128,128,Drowsy,17,35,115,66
frame1404_rotright.jpg,128,128,Drowsy,32,36,120,72
u0006_rotright.jpg,128,128,NonDrowsy,21,24,101,67
D0037.jpg,128,128,Drowsy,16,35,109,70
T0676.jpg,128,128,Drowsy,16,36,113,70
x0040.jpg,128,128,Drowsy,12,30,108,69
v0124_rotright.jpg,128,128,NonDrowsy,22,36,113,69
frame546_rotleft.jpg,128,128,Drowsy,23,30,116,63
zc0054_rotleft.jpg,128,128,Drowsy,19,23,95,67
za0088.jpg,128,128,NonDrowsy,13,33,114,71
a0012_rotright.jpg,128,128,NonDrowsy,24,28,105,69
w0364.jpg,128,128,NonDrowsy,20,29,92,65
frame1713_rotleft.jpg,128,128,Drowsy,12,32,82,84
frame187.jpg,128,128,NonDrowsy,14,28,118,66
I0013_rotleft.jpg,128,128,Drowsy,17,28,110,73
k0084_rotright.jpg,128,128,NonDrowsy,34,31,105,66
ZB1107_rotright.jpg,128,128,NonDrowsy,27,29,110,70
N0376.jpg,128,128,Drowsy,12,31,108,68
D0054.jpg,128,128,NonDrowsy,14,31,107,68
T1004 - Copy_rotleft.jpg,128,128,Drowsy,15,32,111,73
n0001.jpg,128,128,NonDrowsy,20,28,115,65
frame137_rotleft.jpg,128,128,NonDrowsy,12,26,110,73
i0333_rotleft.jpg,128,128,Drowsy,14,27,101,71
l0368.jpg,128,128,Drowsy,23,32,100,64
H0641_rotright.jpg,128,128,NonDrowsy,33,26,103,70
frame3064_rotright.jpg,128,128,Drowsy,31,33,124,75
